file,line,type,commit,author,date,time,timezone,datetime,depth,length
style.css,1,css,e70fd314,romanzrespicio,2026-04-11,20:04:58,-07:00,2026-04-11T20:04:58-07:00,0,5
style.css,2,css,7568652b,romanzrespicio,2026-04-15,17:44:40,-07:00,2026-04-15T17:44:40-07:00,1,23
style.css,3,css,e70fd314,romanzrespicio,2026-04-11,20:04:58,-07:00,2026-04-11T20:04:58-07:00,1,33
style.css,4,css,7568652b,romanzrespicio,2026-04-15,17:44:40,-07:00,2026-04-15T17:44:40-07:00,1,39
style.css,5,css,e70fd314,romanzrespicio,2026-04-11,20:04:58,-07:00,2026-04-11T20:04:58-07:00,0,0
style.css,6,css,e70fd314,romanzrespicio,2026-04-11,20:04:58,-07:00,2026-04-11T20:04:58-07:00,0,0
style.css,7,css,e70fd314,romanzrespicio,2026-04-11,20:04:58,-07:00,2026-04-11T20:04:58-07:00,0,4
style.css,8,css,e70fd314,romanzrespicio,2026-04-11,20:04:58,-07:00,2026-04-11T20:04:58-07:00,1,32
style.css,9,css,e70fd314,romanzrespicio,2026-04-11,20:04:58,-07:00,2026-04-11T20:04:58-07:00,0,0
style.css,10,css,e70fd314,romanzrespicio,2026-04-11,20:04:58,-07:00,2026-04-11T20:04:58-07:00,0,0
style.css,11,css,7568652b,romanzrespicio,2026-04-15,17:44:40,-07:00,2026-04-15T17:44:40-07:00,0,18
style.css,12,css,7568652b,romanzrespicio,2026-04-15,17:44:40,-07:00,2026-04-15T17:44:40-07:00,1,14
style.css,13,css,7568652b,romanzrespicio,2026-04-15,17:44:40,-07:00,2026-04-15T17:44:40-07:00,1,39
style.css,14,css,7568652b,romanzrespicio,2026-04-15,17:44:40,-07:00,2026-04-15T17:44:40-07:00,1,43
style.css,15,css,7568652b,romanzrespicio,2026-04-15,17:44:40,-07:00,2026-04-15T17:44:40-07:00,1,9
style.css,16,css,7568652b,romanzrespicio,2026-04-15,17:44:40,-07:00,2026-04-15T17:44:40-07:00,1,12
style.css,17,css,7568652b,romanzrespicio,2026-04-15,17:44:40,-07:00,2026-04-15T17:44:40-07:00,1,17
style.css,18,css,7568652b,romanzrespicio,2026-04-15,17:44:40,-07:00,2026-04-15T17:44:40-07:00,1,28
style.css,19,css,7568652b,romanzrespicio,2026-04-15,17:44:40,-07:00,2026-04-15T17:44:40-07:00,1,19
style.css,20,css,7568652b,romanzrespicio,2026-04-15,17:44:40,-07:00,2026-04-15T17:44:40-07:00,1,18
style.css,21,css,7568652b,romanzrespicio,2026-04-15,17:44:40,-07:00,2026-04-15T17:44:40-07:00,1,9
style.css,22,css,7568652b,romanzrespicio,2026-04-15,17:44:40,-07:00,2026-04-15T17:44:40-07:00,1,20
style.css,23,css,7568652b,romanzrespicio,2026-04-15,17:44:40,-07:00,2026-04-15T17:44:40-07:00,1,13
style.css,24,css,7568652b,romanzrespicio,2026-04-15,17:44:40,-07:00,2026-04-15T17:44:40-07:00,1,16
style.css,25,css,7568652b,romanzrespicio,2026-04-15,17:44:40,-07:00,2026-04-15T17:44:40-07:00,1,23
style.css,26,css,7568652b,romanzrespicio,2026-04-15,17:44:40,-07:00,2026-04-15T17:44:40-07:00,1,36
style.css,27,css,7568652b,romanzrespicio,2026-04-15,17:44:40,-07:00,2026-04-15T17:44:40-07:00,1,20
style.css,28,css,7568652b,romanzrespicio,2026-04-15,17:44:40,-07:00,2026-04-15T17:44:40-07:00,1,37
style.css,29,css,7568652b,romanzrespicio,2026-04-15,17:44:40,-07:00,2026-04-15T17:44:40-07:00,0,0
style.css,30,css,7568652b,romanzrespicio,2026-04-15,17:44:40,-07:00,2026-04-15T17:44:40-07:00,0,0
style.css,31,css,7568652b,romanzrespicio,2026-04-15,17:44:40,-07:00,2026-04-15T17:44:40-07:00,0,25
style.css,32,css,7568652b,romanzrespicio,2026-04-15,17:44:40,-07:00,2026-04-15T17:44:40-07:00,1,12
style.css,33,css,7568652b,romanzrespicio,2026-04-15,17:44:40,-07:00,2026-04-15T17:44:40-07:00,1,13
style.css,34,css,7568652b,romanzrespicio,2026-04-15,17:44:40,-07:00,2026-04-15T17:44:40-07:00,1,15
style.css,35,css,7568652b,romanzrespicio,2026-04-15,17:44:40,-07:00,2026-04-15T17:44:40-07:00,0,0
style.css,36,css,7568652b,romanzrespicio,2026-04-15,17:44:40,-07:00,2026-04-15T17:44:40-07:00,0,0
style.css,37,css,8b864cff,romanzrespicio,2026-04-04,21:12:25,-07:00,2026-04-04T21:12:25-07:00,0,4
style.css,38,css,8b864cff,romanzrespicio,2026-04-04,21:12:25,-07:00,2026-04-04T21:12:25-07:00,1,43
style.css,39,css,8b864cff,romanzrespicio,2026-04-04,21:12:25,-07:00,2026-04-04T21:12:25-07:00,0,42
style.css,40,css,8b864cff,romanzrespicio,2026-04-04,21:12:25,-07:00,2026-04-04T21:12:25-07:00,0,0
style.css,41,css,8b864cff,romanzrespicio,2026-04-04,21:12:25,-07:00,2026-04-04T21:12:25-07:00,1,23
style.css,42,css,e70fd314,romanzrespicio,2026-04-11,20:04:58,-07:00,2026-04-11T20:04:58-07:00,1,15
style.css,43,css,e70fd314,romanzrespicio,2026-04-11,20:04:58,-07:00,2026-04-11T20:04:58-07:00,1,18
style.css,44,css,e70fd314,romanzrespicio,2026-04-11,20:04:58,-07:00,2026-04-11T20:04:58-07:00,1,12
style.css,45,css,e70fd314,romanzrespicio,2026-04-11,20:04:58,-07:00,2026-04-11T20:04:58-07:00,0,0
style.css,46,css,e70fd314,romanzrespicio,2026-04-11,20:04:58,-07:00,2026-04-11T20:04:58-07:00,0,0
style.css,47,css,e70fd314,romanzrespicio,2026-04-11,20:04:58,-07:00,2026-04-11T20:04:58-07:00,0,63
style.css,48,css,e70fd314,romanzrespicio,2026-04-11,20:04:58,-07:00,2026-04-11T20:04:58-07:00,0,10
style.css,49,css,e70fd314,romanzrespicio,2026-04-11,20:04:58,-07:00,2026-04-11T20:04:58-07:00,1,13
style.css,50,css,e70fd314,romanzrespicio,2026-04-11,20:04:58,-07:00,2026-04-11T20:04:58-07:00,1,10
style.css,51,css,e70fd314,romanzrespicio,2026-04-11,20:04:58,-07:00,2026-04-11T20:04:58-07:00,1,14
style.css,52,css,e70fd314,romanzrespicio,2026-04-11,20:04:58,-07:00,2026-04-11T20:04:58-07:00,1,11
style.css,53,css,e70fd314,romanzrespicio,2026-04-11,20:04:58,-07:00,2026-04-11T20:04:58-07:00,0,0
style.css,54,css,e70fd314,romanzrespicio,2026-04-11,20:04:58,-07:00,2026-04-11T20:04:58-07:00,0,0
style.css,55,css,e70fd314,romanzrespicio,2026-04-11,20:04:58,-07:00,2026-04-11T20:04:58-07:00,0,1
style.css,56,css,e70fd314,romanzrespicio,2026-04-11,20:04:58,-07:00,2026-04-11T20:04:58-07:00,0,1
style.css,57,css,e70fd314,romanzrespicio,2026-04-11,20:04:58,-07:00,2026-04-11T20:04:58-07:00,0,1
style.css,58,css,e70fd314,romanzrespicio,2026-04-11,20:04:58,-07:00,2026-04-11T20:04:58-07:00,0,1
style.css,59,css,e70fd314,romanzrespicio,2026-04-11,20:04:58,-07:00,2026-04-11T20:04:58-07:00,0,1
style.css,60,css,e70fd314,romanzrespicio,2026-04-11,20:04:58,-07:00,2026-04-11T20:04:58-07:00,0,2
style.css,61,css,e70fd314,romanzrespicio,2026-04-11,20:04:58,-07:00,2026-04-11T20:04:58-07:00,1,15
style.css,62,css,e70fd314,romanzrespicio,2026-04-11,20:04:58,-07:00,2026-04-11T20:04:58-07:00,1,17
style.css,63,css,e70fd314,romanzrespicio,2026-04-11,20:04:58,-07:00,2026-04-11T20:04:58-07:00,0,0
style.css,64,css,e70fd314,romanzrespicio,2026-04-11,20:04:58,-07:00,2026-04-11T20:04:58-07:00,0,0
style.css,65,css,e70fd314,romanzrespicio,2026-04-11,20:04:58,-07:00,2026-04-11T20:04:58-07:00,0,2
style.css,66,css,e70fd314,romanzrespicio,2026-04-11,20:04:58,-07:00,2026-04-11T20:04:58-07:00,1,14
style.css,67,css,e70fd314,romanzrespicio,2026-04-11,20:04:58,-07:00,2026-04-11T20:04:58-07:00,0,0
style.css,68,css,e70fd314,romanzrespicio,2026-04-11,20:04:58,-07:00,2026-04-11T20:04:58-07:00,0,0
style.css,69,css,e70fd314,romanzrespicio,2026-04-11,20:04:58,-07:00,2026-04-11T20:04:58-07:00,0,3
style.css,70,css,e70fd314,romanzrespicio,2026-04-11,20:04:58,-07:00,2026-04-11T20:04:58-07:00,1,12
style.css,71,css,e70fd314,romanzrespicio,2026-04-11,20:04:58,-07:00,2026-04-11T20:04:58-07:00,1,11
style.css,72,css,e70fd314,romanzrespicio,2026-04-11,20:04:58,-07:00,2026-04-11T20:04:58-07:00,1,18
style.css,73,css,7568652b,romanzrespicio,2026-04-15,17:44:40,-07:00,2026-04-15T17:44:40-07:00,1,43
style.css,74,css,e70fd314,romanzrespicio,2026-04-11,20:04:58,-07:00,2026-04-11T20:04:58-07:00,0,0
style.css,75,css,e70fd314,romanzrespicio,2026-04-11,20:04:58,-07:00,2026-04-11T20:04:58-07:00,0,0
style.css,76,css,e70fd314,romanzrespicio,2026-04-11,20:04:58,-07:00,2026-04-11T20:04:58-07:00,0,5
style.css,77,css,e70fd314,romanzrespicio,2026-04-11,20:04:58,-07:00,2026-04-11T20:04:58-07:00,0,6
style.css,78,css,e70fd314,romanzrespicio,2026-04-11,20:04:58,-07:00,2026-04-11T20:04:58-07:00,1,16
style.css,79,css,e70fd314,romanzrespicio,2026-04-11,20:04:58,-07:00,2026-04-11T20:04:58-07:00,0,0
style.css,80,css,e70fd314,romanzrespicio,2026-04-11,20:04:58,-07:00,2026-04-11T20:04:58-07:00,0,0
style.css,81,css,e70fd314,romanzrespicio,2026-04-11,20:04:58,-07:00,2026-04-11T20:04:58-07:00,0,5
style.css,82,css,e70fd314,romanzrespicio,2026-04-11,20:04:58,-07:00,2026-04-11T20:04:58-07:00,1,6
style.css,83,css,e70fd314,romanzrespicio,2026-04-11,20:04:58,-07:00,2026-04-11T20:04:58-07:00,1,17
style.css,84,css,e70fd314,romanzrespicio,2026-04-11,20:04:58,-07:00,2026-04-11T20:04:58-07:00,1,13
style.css,85,css,e70fd314,romanzrespicio,2026-04-11,20:04:58,-07:00,2026-04-11T20:04:58-07:00,1,20
style.css,86,css,e70fd314,romanzrespicio,2026-04-11,20:04:58,-07:00,2026-04-11T20:04:58-07:00,1,13
style.css,87,css,e70fd314,romanzrespicio,2026-04-11,20:04:58,-07:00,2026-04-11T20:04:58-07:00,0,0
style.css,88,css,e70fd314,romanzrespicio,2026-04-11,20:04:58,-07:00,2026-04-11T20:04:58-07:00,0,0
style.css,89,css,7568652b,romanzrespicio,2026-04-15,17:44:40,-07:00,2026-04-15T17:44:40-07:00,0,13
style.css,90,css,7568652b,romanzrespicio,2026-04-15,17:44:40,-07:00,2026-04-15T17:44:40-07:00,1,15
style.css,91,css,e70fd314,romanzrespicio,2026-04-11,20:04:58,-07:00,2026-04-11T20:04:58-07:00,1,45
style.css,92,css,e70fd314,romanzrespicio,2026-04-11,20:04:58,-07:00,2026-04-11T20:04:58-07:00,1,20
style.css,93,css,e70fd314,romanzrespicio,2026-04-11,20:04:58,-07:00,2026-04-11T20:04:58-07:00,0,0
style.css,94,css,e70fd314,romanzrespicio,2026-04-11,20:04:58,-07:00,2026-04-11T20:04:58-07:00,0,0
style.css,95,css,7568652b,romanzrespicio,2026-04-15,17:44:40,-07:00,2026-04-15T17:44:40-07:00,0,81
style.css,96,css,7568652b,romanzrespicio,2026-04-15,17:44:40,-07:00,2026-04-15T17:44:40-07:00,0,10
style.css,97,css,7568652b,romanzrespicio,2026-04-15,17:44:40,-07:00,2026-04-15T17:44:40-07:00,0,18
style.css,98,css,7568652b,romanzrespicio,2026-04-15,17:44:40,-07:00,2026-04-15T17:44:40-07:00,0,19
style.css,99,css,e70fd314,romanzrespicio,2026-04-11,20:04:58,-07:00,2026-04-11T20:04:58-07:00,1,45
style.css,100,css,e70fd314,romanzrespicio,2026-04-11,20:04:58,-07:00,2026-04-11T20:04:58-07:00,1,20
style.css,101,css,7568652b,romanzrespicio,2026-04-15,17:44:40,-07:00,2026-04-15T17:44:40-07:00,1,69
style.css,102,css,7568652b,romanzrespicio,2026-04-15,17:44:40,-07:00,2026-04-15T17:44:40-07:00,1,16
style.css,103,css,e70fd314,romanzrespicio,2026-04-11,20:04:58,-07:00,2026-04-11T20:04:58-07:00,0,0
style.css,104,css,e70fd314,romanzrespicio,2026-04-11,20:04:58,-07:00,2026-04-11T20:04:58-07:00,0,0
style.css,105,css,e70fd314,romanzrespicio,2026-04-11,20:04:58,-07:00,2026-04-11T20:04:58-07:00,0,31
style.css,106,css,e70fd314,romanzrespicio,2026-04-11,20:04:58,-07:00,2026-04-11T20:04:58-07:00,0,4
style.css,107,css,e70fd314,romanzrespicio,2026-04-11,20:04:58,-07:00,2026-04-11T20:04:58-07:00,1,12
style.css,108,css,e70fd314,romanzrespicio,2026-04-11,20:04:58,-07:00,2026-04-11T20:04:58-07:00,1,30
style.css,109,css,e70fd314,romanzrespicio,2026-04-11,20:04:58,-07:00,2026-04-11T20:04:58-07:00,1,7
style.css,110,css,e70fd314,romanzrespicio,2026-04-11,20:04:58,-07:00,2026-04-11T20:04:58-07:00,1,20
style.css,111,css,e70fd314,romanzrespicio,2026-04-11,20:04:58,-07:00,2026-04-11T20:04:58-07:00,0,0
style.css,112,css,e70fd314,romanzrespicio,2026-04-11,20:04:58,-07:00,2026-04-11T20:04:58-07:00,0,0
style.css,113,css,e70fd314,romanzrespicio,2026-04-11,20:04:58,-07:00,2026-04-11T20:04:58-07:00,0,10
style.css,114,css,e70fd314,romanzrespicio,2026-04-11,20:04:58,-07:00,2026-04-11T20:04:58-07:00,1,13
style.css,115,css,e70fd314,romanzrespicio,2026-04-11,20:04:58,-07:00,2026-04-11T20:04:58-07:00,1,8
style.css,116,css,e70fd314,romanzrespicio,2026-04-11,20:04:58,-07:00,2026-04-11T20:04:58-07:00,0,0
style.css,117,css,e70fd314,romanzrespicio,2026-04-11,20:04:58,-07:00,2026-04-11T20:04:58-07:00,0,0
style.css,118,css,e70fd314,romanzrespicio,2026-04-11,20:04:58,-07:00,2026-04-11T20:04:58-07:00,0,9
style.css,119,css,e70fd314,romanzrespicio,2026-04-11,20:04:58,-07:00,2026-04-11T20:04:58-07:00,0,12
style.css,120,css,e70fd314,romanzrespicio,2026-04-11,20:04:58,-07:00,2026-04-11T20:04:58-07:00,0,11
style.css,121,css,e70fd314,romanzrespicio,2026-04-11,20:04:58,-07:00,2026-04-11T20:04:58-07:00,1,12
style.css,122,css,e70fd314,romanzrespicio,2026-04-11,20:04:58,-07:00,2026-04-11T20:04:58-07:00,1,13
style.css,123,css,e70fd314,romanzrespicio,2026-04-11,20:04:58,-07:00,2026-04-11T20:04:58-07:00,1,10
style.css,124,css,e70fd314,romanzrespicio,2026-04-11,20:04:58,-07:00,2026-04-11T20:04:58-07:00,1,21
style.css,125,css,e70fd314,romanzrespicio,2026-04-11,20:04:58,-07:00,2026-04-11T20:04:58-07:00,0,0
style.css,126,css,e70fd314,romanzrespicio,2026-04-11,20:04:58,-07:00,2026-04-11T20:04:58-07:00,0,0
style.css,127,css,e70fd314,romanzrespicio,2026-04-11,20:04:58,-07:00,2026-04-11T20:04:58-07:00,0,11
style.css,128,css,e70fd314,romanzrespicio,2026-04-11,20:04:58,-07:00,2026-04-11T20:04:58-07:00,1,18
style.css,129,css,e70fd314,romanzrespicio,2026-04-11,20:04:58,-07:00,2026-04-11T20:04:58-07:00,0,0
style.css,130,css,e70fd314,romanzrespicio,2026-04-11,20:04:58,-07:00,2026-04-11T20:04:58-07:00,0,0
style.css,131,css,1b1d4c59,romanzrespicio,2026-05-01,16:26:49,-07:00,2026-05-01T16:26:49-07:00,0,64
style.css,132,css,1b1d4c59,romanzrespicio,2026-05-01,16:26:49,-07:00,2026-05-01T16:26:49-07:00,0,30
style.css,133,css,1b1d4c59,romanzrespicio,2026-05-01,16:26:49,-07:00,2026-05-01T16:26:49-07:00,1,20
style.css,134,css,1b1d4c59,romanzrespicio,2026-05-01,16:26:49,-07:00,2026-05-01T16:26:49-07:00,0,0
style.css,135,css,1b1d4c59,romanzrespicio,2026-05-01,16:26:49,-07:00,2026-05-01T16:26:49-07:00,0,0
style.css,136,css,1b1d4c59,romanzrespicio,2026-05-01,16:26:49,-07:00,2026-05-01T16:26:49-07:00,0,30
style.css,137,css,1b1d4c59,romanzrespicio,2026-05-01,16:26:49,-07:00,2026-05-01T16:26:49-07:00,0,25
style.css,138,css,1b1d4c59,romanzrespicio,2026-05-01,16:26:49,-07:00,2026-05-01T16:26:49-07:00,1,21
style.css,139,css,1b1d4c59,romanzrespicio,2026-05-01,16:26:49,-07:00,2026-05-01T16:26:49-07:00,1,10
style.css,140,css,1b1d4c59,romanzrespicio,2026-05-01,16:26:49,-07:00,2026-05-01T16:26:49-07:00,1,14
style.css,141,css,1b1d4c59,romanzrespicio,2026-05-01,16:26:49,-07:00,2026-05-01T16:26:49-07:00,1,18
style.css,142,css,1b1d4c59,romanzrespicio,2026-05-01,16:26:49,-07:00,2026-05-01T16:26:49-07:00,1,22
style.css,143,css,1b1d4c59,romanzrespicio,2026-05-01,16:26:49,-07:00,2026-05-01T16:26:49-07:00,1,12
style.css,144,css,1b1d4c59,romanzrespicio,2026-05-01,16:26:49,-07:00,2026-05-01T16:26:49-07:00,1,16
style.css,145,css,1b1d4c59,romanzrespicio,2026-05-01,16:26:49,-07:00,2026-05-01T16:26:49-07:00,1,23
style.css,146,css,1b1d4c59,romanzrespicio,2026-05-01,16:26:49,-07:00,2026-05-01T16:26:49-07:00,1,36
style.css,147,css,1b1d4c59,romanzrespicio,2026-05-01,16:26:49,-07:00,2026-05-01T16:26:49-07:00,1,20
style.css,148,css,1b1d4c59,romanzrespicio,2026-05-01,16:26:49,-07:00,2026-05-01T16:26:49-07:00,0,0
style.css,149,css,1b1d4c59,romanzrespicio,2026-05-01,16:26:49,-07:00,2026-05-01T16:26:49-07:00,0,0
style.css,150,css,1b1d4c59,romanzrespicio,2026-05-01,16:26:49,-07:00,2026-05-01T16:26:49-07:00,0,38
style.css,151,css,1b1d4c59,romanzrespicio,2026-05-01,16:26:49,-07:00,2026-05-01T16:26:49-07:00,1,49
style.css,152,css,1b1d4c59,romanzrespicio,2026-05-01,16:26:49,-07:00,2026-05-01T16:26:49-07:00,0,0
style.css,153,css,1b1d4c59,romanzrespicio,2026-05-01,16:26:49,-07:00,2026-05-01T16:26:49-07:00,0,0
style.css,154,css,1b1d4c59,romanzrespicio,2026-05-01,16:26:49,-07:00,2026-05-01T16:26:49-07:00,0,31
style.css,155,css,1b1d4c59,romanzrespicio,2026-05-01,16:26:49,-07:00,2026-05-01T16:26:49-07:00,1,75
style.css,156,css,1b1d4c59,romanzrespicio,2026-05-01,16:26:49,-07:00,2026-05-01T16:26:49-07:00,1,18
style.css,157,css,1b1d4c59,romanzrespicio,2026-05-01,16:26:49,-07:00,2026-05-01T16:26:49-07:00,0,0
style.css,158,css,1b1d4c59,romanzrespicio,2026-05-01,16:26:49,-07:00,2026-05-01T16:26:49-07:00,0,0
style.css,159,css,1b1d4c59,romanzrespicio,2026-05-01,16:26:49,-07:00,2026-05-01T16:26:49-07:00,0,25
style.css,160,css,1b1d4c59,romanzrespicio,2026-05-01,16:26:49,-07:00,2026-05-01T16:26:49-07:00,1,18
style.css,161,css,1b1d4c59,romanzrespicio,2026-05-01,16:26:49,-07:00,2026-05-01T16:26:49-07:00,2,29
style.css,162,css,1b1d4c59,romanzrespicio,2026-05-01,16:26:49,-07:00,2026-05-01T16:26:49-07:00,2,41
style.css,163,css,1b1d4c59,romanzrespicio,2026-05-01,16:26:49,-07:00,2026-05-01T16:26:49-07:00,1,0
style.css,164,css,1b1d4c59,romanzrespicio,2026-05-01,16:26:49,-07:00,2026-05-01T16:26:49-07:00,0,0
style.css,165,css,1b1d4c59,romanzrespicio,2026-05-01,16:26:49,-07:00,2026-05-01T16:26:49-07:00,1,21
style.css,166,css,1b1d4c59,romanzrespicio,2026-05-01,16:26:49,-07:00,2026-05-01T16:26:49-07:00,2,39
style.css,167,css,1b1d4c59,romanzrespicio,2026-05-01,16:26:49,-07:00,2026-05-01T16:26:49-07:00,1,0
style.css,168,css,1b1d4c59,romanzrespicio,2026-05-01,16:26:49,-07:00,2026-05-01T16:26:49-07:00,0,0
style.css,169,css,1b1d4c59,romanzrespicio,2026-05-01,16:26:49,-07:00,2026-05-01T16:26:49-07:00,0,0
style.css,170,css,1b1d4c59,romanzrespicio,2026-05-01,16:26:49,-07:00,2026-05-01T16:26:49-07:00,0,97
style.css,171,css,1b1d4c59,romanzrespicio,2026-05-01,16:26:49,-07:00,2026-05-01T16:26:49-07:00,0,25
style.css,172,css,1b1d4c59,romanzrespicio,2026-05-01,16:26:49,-07:00,2026-05-01T16:26:49-07:00,1,26
style.css,173,css,1b1d4c59,romanzrespicio,2026-05-01,16:26:49,-07:00,2026-05-01T16:26:49-07:00,1,27
style.css,174,css,1b1d4c59,romanzrespicio,2026-05-01,16:26:49,-07:00,2026-05-01T16:26:49-07:00,1,12
style.css,175,css,1b1d4c59,romanzrespicio,2026-05-01,16:26:49,-07:00,2026-05-01T16:26:49-07:00,1,14
style.css,176,css,1b1d4c59,romanzrespicio,2026-05-01,16:26:49,-07:00,2026-05-01T16:26:49-07:00,1,18
style.css,177,css,1b1d4c59,romanzrespicio,2026-05-01,16:26:49,-07:00,2026-05-01T16:26:49-07:00,1,22
style.css,178,css,1b1d4c59,romanzrespicio,2026-05-01,16:26:49,-07:00,2026-05-01T16:26:49-07:00,1,31
style.css,179,css,1b1d4c59,romanzrespicio,2026-05-01,16:26:49,-07:00,2026-05-01T16:26:49-07:00,1,41
style.css,180,css,1b1d4c59,romanzrespicio,2026-05-01,16:26:49,-07:00,2026-05-01T16:26:49-07:00,1,10
style.css,181,css,1b1d4c59,romanzrespicio,2026-05-01,16:26:49,-07:00,2026-05-01T16:26:49-07:00,1,14
style.css,182,css,1b1d4c59,romanzrespicio,2026-05-01,16:26:49,-07:00,2026-05-01T16:26:49-07:00,1,11
style.css,183,css,1b1d4c59,romanzrespicio,2026-05-01,16:26:49,-07:00,2026-05-01T16:26:49-07:00,0,0
style.css,184,css,1b1d4c59,romanzrespicio,2026-05-01,16:26:49,-07:00,2026-05-01T16:26:49-07:00,0,0
style.css,185,css,1b1d4c59,romanzrespicio,2026-05-01,16:26:49,-07:00,2026-05-01T16:26:49-07:00,0,74
style.css,186,css,1b1d4c59,romanzrespicio,2026-05-01,16:26:49,-07:00,2026-05-01T16:26:49-07:00,0,28
style.css,187,css,1b1d4c59,romanzrespicio,2026-05-01,16:26:49,-07:00,2026-05-01T16:26:49-07:00,0,33
style.css,188,css,1b1d4c59,romanzrespicio,2026-05-01,16:26:49,-07:00,2026-05-01T16:26:49-07:00,1,13
style.css,189,css,1b1d4c59,romanzrespicio,2026-05-01,16:26:49,-07:00,2026-05-01T16:26:49-07:00,1,34
style.css,190,css,1b1d4c59,romanzrespicio,2026-05-01,16:26:49,-07:00,2026-05-01T16:26:49-07:00,1,25
style.css,191,css,1b1d4c59,romanzrespicio,2026-05-01,16:26:49,-07:00,2026-05-01T16:26:49-07:00,1,11
style.css,192,css,1b1d4c59,romanzrespicio,2026-05-01,16:26:49,-07:00,2026-05-01T16:26:49-07:00,1,18
style.css,193,css,1b1d4c59,romanzrespicio,2026-05-01,16:26:49,-07:00,2026-05-01T16:26:49-07:00,1,8
style.css,194,css,1b1d4c59,romanzrespicio,2026-05-01,16:26:49,-07:00,2026-05-01T16:26:49-07:00,1,16
style.css,195,css,1b1d4c59,romanzrespicio,2026-05-01,16:26:49,-07:00,2026-05-01T16:26:49-07:00,1,13
style.css,196,css,1b1d4c59,romanzrespicio,2026-05-01,16:26:49,-07:00,2026-05-01T16:26:49-07:00,1,11
style.css,197,css,1b1d4c59,romanzrespicio,2026-05-01,16:26:49,-07:00,2026-05-01T16:26:49-07:00,1,45
style.css,198,css,1b1d4c59,romanzrespicio,2026-05-01,16:26:49,-07:00,2026-05-01T16:26:49-07:00,0,0
style.css,199,css,1b1d4c59,romanzrespicio,2026-05-01,16:26:49,-07:00,2026-05-01T16:26:49-07:00,0,0
style.css,200,css,1b1d4c59,romanzrespicio,2026-05-01,16:26:49,-07:00,2026-05-01T16:26:49-07:00,0,85
style.css,201,css,1b1d4c59,romanzrespicio,2026-05-01,16:26:49,-07:00,2026-05-01T16:26:49-07:00,0,61
style.css,202,css,1b1d4c59,romanzrespicio,2026-05-01,16:26:49,-07:00,2026-05-01T16:26:49-07:00,0,66
style.css,203,css,1b1d4c59,romanzrespicio,2026-05-01,16:26:49,-07:00,2026-05-01T16:26:49-07:00,1,11
style.css,204,css,1b1d4c59,romanzrespicio,2026-05-01,16:26:49,-07:00,2026-05-01T16:26:49-07:00,0,0
style.css,205,css,1b1d4c59,romanzrespicio,2026-05-01,16:26:49,-07:00,2026-05-01T16:26:49-07:00,0,0
style.css,206,css,1b1d4c59,romanzrespicio,2026-05-01,16:26:49,-07:00,2026-05-01T16:26:49-07:00,0,33
style.css,207,css,1b1d4c59,romanzrespicio,2026-05-01,16:26:49,-07:00,2026-05-01T16:26:49-07:00,0,38
style.css,208,css,1b1d4c59,romanzrespicio,2026-05-01,16:26:49,-07:00,2026-05-01T16:26:49-07:00,1,14
style.css,209,css,1b1d4c59,romanzrespicio,2026-05-01,16:26:49,-07:00,2026-05-01T16:26:49-07:00,1,9
style.css,210,css,1b1d4c59,romanzrespicio,2026-05-01,16:26:49,-07:00,2026-05-01T16:26:49-07:00,2,16
style.css,211,css,1b1d4c59,romanzrespicio,2026-05-01,16:26:49,-07:00,2026-05-01T16:26:49-07:00,2,14
style.css,212,css,1b1d4c59,romanzrespicio,2026-05-01,16:26:49,-07:00,2026-05-01T16:26:49-07:00,0,0
style.css,213,css,1b1d4c59,romanzrespicio,2026-05-01,16:26:49,-07:00,2026-05-01T16:26:49-07:00,0,0
style.css,214,css,1b1d4c59,romanzrespicio,2026-05-01,16:26:49,-07:00,2026-05-01T16:26:49-07:00,0,41
style.css,215,css,1b1d4c59,romanzrespicio,2026-05-01,16:26:49,-07:00,2026-05-01T16:26:49-07:00,0,42
style.css,216,css,1b1d4c59,romanzrespicio,2026-05-01,16:26:49,-07:00,2026-05-01T16:26:49-07:00,0,47
style.css,217,css,1b1d4c59,romanzrespicio,2026-05-01,16:26:49,-07:00,2026-05-01T16:26:49-07:00,1,35
style.css,218,css,1b1d4c59,romanzrespicio,2026-05-01,16:26:49,-07:00,2026-05-01T16:26:49-07:00,1,17
style.css,219,css,1b1d4c59,romanzrespicio,2026-05-01,16:26:49,-07:00,2026-05-01T16:26:49-07:00,0,0
style.css,220,css,1b1d4c59,romanzrespicio,2026-05-01,16:26:49,-07:00,2026-05-01T16:26:49-07:00,0,0
style.css,221,css,1b1d4c59,romanzrespicio,2026-05-01,16:26:49,-07:00,2026-05-01T16:26:49-07:00,0,44
style.css,222,css,1b1d4c59,romanzrespicio,2026-05-01,16:26:49,-07:00,2026-05-01T16:26:49-07:00,1,15
style.css,223,css,1b1d4c59,romanzrespicio,2026-05-01,16:26:49,-07:00,2026-05-01T16:26:49-07:00,1,66
style.css,224,css,1b1d4c59,romanzrespicio,2026-05-01,16:26:49,-07:00,2026-05-01T16:26:49-07:00,1,20
style.css,225,css,1b1d4c59,romanzrespicio,2026-05-01,16:26:49,-07:00,2026-05-01T16:26:49-07:00,0,0
style.css,226,css,1b1d4c59,romanzrespicio,2026-05-01,16:26:49,-07:00,2026-05-01T16:26:49-07:00,0,0
style.css,227,css,1b1d4c59,romanzrespicio,2026-05-01,16:26:49,-07:00,2026-05-01T16:26:49-07:00,0,52
style.css,228,css,1b1d4c59,romanzrespicio,2026-05-01,16:26:49,-07:00,2026-05-01T16:26:49-07:00,1,44
style.css,229,css,1b1d4c59,romanzrespicio,2026-05-01,16:26:49,-07:00,2026-05-01T16:26:49-07:00,0,0
style.css,230,css,1b1d4c59,romanzrespicio,2026-05-01,16:26:49,-07:00,2026-05-01T16:26:49-07:00,0,0
style.css,231,css,1b1d4c59,romanzrespicio,2026-05-01,16:26:49,-07:00,2026-05-01T16:26:49-07:00,0,16
style.css,232,css,1b1d4c59,romanzrespicio,2026-05-01,16:26:49,-07:00,2026-05-01T16:26:49-07:00,0,33
style.css,233,css,1b1d4c59,romanzrespicio,2026-05-01,16:26:49,-07:00,2026-05-01T16:26:49-07:00,1,15
style.css,234,css,1b1d4c59,romanzrespicio,2026-05-01,16:26:49,-07:00,2026-05-01T16:26:49-07:00,1,8
style.css,235,css,1b1d4c59,romanzrespicio,2026-05-01,16:26:49,-07:00,2026-05-01T16:26:49-07:00,1,64
style.css,236,css,1b1d4c59,romanzrespicio,2026-05-01,16:26:49,-07:00,2026-05-01T16:26:49-07:00,1,74
style.css,237,css,1b1d4c59,romanzrespicio,2026-05-01,16:26:49,-07:00,2026-05-01T16:26:49-07:00,1,20
style.css,238,css,1b1d4c59,romanzrespicio,2026-05-01,16:26:49,-07:00,2026-05-01T16:26:49-07:00,1,61
style.css,239,css,1b1d4c59,romanzrespicio,2026-05-01,16:26:49,-07:00,2026-05-01T16:26:49-07:00,1,9
style.css,240,css,1b1d4c59,romanzrespicio,2026-05-01,16:26:49,-07:00,2026-05-01T16:26:49-07:00,2,24
style.css,241,css,1b1d4c59,romanzrespicio,2026-05-01,16:26:49,-07:00,2026-05-01T16:26:49-07:00,2,25
style.css,242,css,1b1d4c59,romanzrespicio,2026-05-01,16:26:49,-07:00,2026-05-01T16:26:49-07:00,1,12
style.css,243,css,1b1d4c59,romanzrespicio,2026-05-01,16:26:49,-07:00,2026-05-01T16:26:49-07:00,1,14
style.css,244,css,1b1d4c59,romanzrespicio,2026-05-01,16:26:49,-07:00,2026-05-01T16:26:49-07:00,1,42
style.css,245,css,1b1d4c59,romanzrespicio,2026-05-01,16:26:49,-07:00,2026-05-01T16:26:49-07:00,1,71
style.css,246,css,1b1d4c59,romanzrespicio,2026-05-01,16:26:49,-07:00,2026-05-01T16:26:49-07:00,1,12
style.css,247,css,1b1d4c59,romanzrespicio,2026-05-01,16:26:49,-07:00,2026-05-01T16:26:49-07:00,1,50
style.css,248,css,1b1d4c59,romanzrespicio,2026-05-01,16:26:49,-07:00,2026-05-01T16:26:49-07:00,1,15
style.css,249,css,1b1d4c59,romanzrespicio,2026-05-01,16:26:49,-07:00,2026-05-01T16:26:49-07:00,1,14
style.css,250,css,1b1d4c59,romanzrespicio,2026-05-01,16:26:49,-07:00,2026-05-01T16:26:49-07:00,1,11
style.css,251,css,1b1d4c59,romanzrespicio,2026-05-01,16:26:49,-07:00,2026-05-01T16:26:49-07:00,1,14
style.css,252,css,1b1d4c59,romanzrespicio,2026-05-01,16:26:49,-07:00,2026-05-01T16:26:49-07:00,1,19
style.css,253,css,1b1d4c59,romanzrespicio,2026-05-01,16:26:49,-07:00,2026-05-01T16:26:49-07:00,0,0
style.css,254,css,1b1d4c59,romanzrespicio,2026-05-01,16:26:49,-07:00,2026-05-01T16:26:49-07:00,0,0
style.css,255,css,1b1d4c59,romanzrespicio,2026-05-01,16:26:49,-07:00,2026-05-01T16:26:49-07:00,0,42
style.css,256,css,1b1d4c59,romanzrespicio,2026-05-01,16:26:49,-07:00,2026-05-01T16:26:49-07:00,1,25
style.css,257,css,1b1d4c59,romanzrespicio,2026-05-01,16:26:49,-07:00,2026-05-01T16:26:49-07:00,2,21
style.css,258,css,1b1d4c59,romanzrespicio,2026-05-01,16:26:49,-07:00,2026-05-01T16:26:49-07:00,2,19
style.css,259,css,1b1d4c59,romanzrespicio,2026-05-01,16:26:49,-07:00,2026-05-01T16:26:49-07:00,2,33
style.css,260,css,1b1d4c59,romanzrespicio,2026-05-01,16:26:49,-07:00,2026-05-01T16:26:49-07:00,1,0
style.css,261,css,1b1d4c59,romanzrespicio,2026-05-01,16:26:49,-07:00,2026-05-01T16:26:49-07:00,0,0
style.css,262,css,1b1d4c59,romanzrespicio,2026-05-01,16:26:49,-07:00,2026-05-01T16:26:49-07:00,1,28
style.css,263,css,1b1d4c59,romanzrespicio,2026-05-01,16:26:49,-07:00,2026-05-01T16:26:49-07:00,1,33
style.css,264,css,1b1d4c59,romanzrespicio,2026-05-01,16:26:49,-07:00,2026-05-01T16:26:49-07:00,2,23
style.css,265,css,1b1d4c59,romanzrespicio,2026-05-01,16:26:49,-07:00,2026-05-01T16:26:49-07:00,2,14
style.css,266,css,1b1d4c59,romanzrespicio,2026-05-01,16:26:49,-07:00,2026-05-01T16:26:49-07:00,2,17
style.css,267,css,1b1d4c59,romanzrespicio,2026-05-01,16:26:49,-07:00,2026-05-01T16:26:49-07:00,1,0
style.css,268,css,1b1d4c59,romanzrespicio,2026-05-01,16:26:49,-07:00,2026-05-01T16:26:49-07:00,0,0
style.css,269,css,1b1d4c59,romanzrespicio,2026-05-01,16:26:49,-07:00,2026-05-01T16:26:49-07:00,1,33
style.css,270,css,1b1d4c59,romanzrespicio,2026-05-01,16:26:49,-07:00,2026-05-01T16:26:49-07:00,2,9
style.css,271,css,1b1d4c59,romanzrespicio,2026-05-01,16:26:49,-07:00,2026-05-01T16:26:49-07:00,2,10
style.css,272,css,1b1d4c59,romanzrespicio,2026-05-01,16:26:49,-07:00,2026-05-01T16:26:49-07:00,2,26
style.css,273,css,1b1d4c59,romanzrespicio,2026-05-01,16:26:49,-07:00,2026-05-01T16:26:49-07:00,2,18
style.css,274,css,1b1d4c59,romanzrespicio,2026-05-01,16:26:49,-07:00,2026-05-01T16:26:49-07:00,2,47
style.css,275,css,1b1d4c59,romanzrespicio,2026-05-01,16:26:49,-07:00,2026-05-01T16:26:49-07:00,1,0
style.css,276,css,1b1d4c59,romanzrespicio,2026-05-01,16:26:49,-07:00,2026-05-01T16:26:49-07:00,0,0
style.css,277,css,1b1d4c59,romanzrespicio,2026-05-01,16:26:49,-07:00,2026-05-01T16:26:49-07:00,0,0
style.css,278,css,1b1d4c59,romanzrespicio,2026-05-01,16:26:49,-07:00,2026-05-01T16:26:49-07:00,0,35
style.css,279,css,1b1d4c59,romanzrespicio,2026-05-01,16:26:49,-07:00,2026-05-01T16:26:49-07:00,1,12
style.css,280,css,1b1d4c59,romanzrespicio,2026-05-01,16:26:49,-07:00,2026-05-01T16:26:49-07:00,1,18
style.css,281,css,1b1d4c59,romanzrespicio,2026-05-01,16:26:49,-07:00,2026-05-01T16:26:49-07:00,1,9
style.css,282,css,1b1d4c59,romanzrespicio,2026-05-01,16:26:49,-07:00,2026-05-01T16:26:49-07:00,1,11
style.css,283,css,1b1d4c59,romanzrespicio,2026-05-01,16:26:49,-07:00,2026-05-01T16:26:49-07:00,1,14
style.css,284,css,1b1d4c59,romanzrespicio,2026-05-01,16:26:49,-07:00,2026-05-01T16:26:49-07:00,0,0
style.css,285,css,1b1d4c59,romanzrespicio,2026-05-01,16:26:49,-07:00,2026-05-01T16:26:49-07:00,0,0
style.css,286,css,1b1d4c59,romanzrespicio,2026-05-01,16:26:49,-07:00,2026-05-01T16:26:49-07:00,0,30
style.css,287,css,1b1d4c59,romanzrespicio,2026-05-01,16:26:49,-07:00,2026-05-01T16:26:49-07:00,1,20
style.css,288,css,1b1d4c59,romanzrespicio,2026-05-01,16:26:49,-07:00,2026-05-01T16:26:49-07:00,1,9
style.css,289,css,1b1d4c59,romanzrespicio,2026-05-01,16:26:49,-07:00,2026-05-01T16:26:49-07:00,1,12
style.css,290,css,1b1d4c59,romanzrespicio,2026-05-01,16:26:49,-07:00,2026-05-01T16:26:49-07:00,1,13
style.css,291,css,1b1d4c59,romanzrespicio,2026-05-01,16:26:49,-07:00,2026-05-01T16:26:49-07:00,1,18
style.css,292,css,1b1d4c59,romanzrespicio,2026-05-01,16:26:49,-07:00,2026-05-01T16:26:49-07:00,1,17
style.css,293,css,1b1d4c59,romanzrespicio,2026-05-01,16:26:49,-07:00,2026-05-01T16:26:49-07:00,1,41
style.css,294,css,1b1d4c59,romanzrespicio,2026-05-01,16:26:49,-07:00,2026-05-01T16:26:49-07:00,1,9
style.css,295,css,1b1d4c59,romanzrespicio,2026-05-01,16:26:49,-07:00,2026-05-01T16:26:49-07:00,2,63
style.css,296,css,1b1d4c59,romanzrespicio,2026-05-01,16:26:49,-07:00,2026-05-01T16:26:49-07:00,2,53
style.css,297,css,1b1d4c59,romanzrespicio,2026-05-01,16:26:49,-07:00,2026-05-01T16:26:49-07:00,0,0
style.css,298,css,1b1d4c59,romanzrespicio,2026-05-01,16:26:49,-07:00,2026-05-01T16:26:49-07:00,0,0
style.css,299,css,1b1d4c59,romanzrespicio,2026-05-01,16:26:49,-07:00,2026-05-01T16:26:49-07:00,0,25
style.css,300,css,1b1d4c59,romanzrespicio,2026-05-01,16:26:49,-07:00,2026-05-01T16:26:49-07:00,1,19
style.css,301,css,1b1d4c59,romanzrespicio,2026-05-01,16:26:49,-07:00,2026-05-01T16:26:49-07:00,1,17
style.css,302,css,1b1d4c59,romanzrespicio,2026-05-01,16:26:49,-07:00,2026-05-01T16:26:49-07:00,1,32
style.css,303,css,1b1d4c59,romanzrespicio,2026-05-01,16:26:49,-07:00,2026-05-01T16:26:49-07:00,1,15
style.css,304,css,1b1d4c59,romanzrespicio,2026-05-01,16:26:49,-07:00,2026-05-01T16:26:49-07:00,1,49
style.css,305,css,1b1d4c59,romanzrespicio,2026-05-01,16:26:49,-07:00,2026-05-01T16:26:49-07:00,0,0
style.css,306,css,1b1d4c59,romanzrespicio,2026-05-01,16:26:49,-07:00,2026-05-01T16:26:49-07:00,0,0
style.css,307,css,1b1d4c59,romanzrespicio,2026-05-01,16:26:49,-07:00,2026-05-01T16:26:49-07:00,0,51
style.css,308,css,1b1d4c59,romanzrespicio,2026-05-01,16:26:49,-07:00,2026-05-01T16:26:49-07:00,0,43
style.css,309,css,1b1d4c59,romanzrespicio,2026-05-01,16:26:49,-07:00,2026-05-01T16:26:49-07:00,1,25
style.css,310,css,1b1d4c59,romanzrespicio,2026-05-01,16:26:49,-07:00,2026-05-01T16:26:49-07:00,2,25
style.css,311,css,1b1d4c59,romanzrespicio,2026-05-01,16:26:49,-07:00,2026-05-01T16:26:49-07:00,3,21
style.css,312,css,1b1d4c59,romanzrespicio,2026-05-01,16:26:49,-07:00,2026-05-01T16:26:49-07:00,3,19
style.css,313,css,1b1d4c59,romanzrespicio,2026-05-01,16:26:49,-07:00,2026-05-01T16:26:49-07:00,3,8
style.css,314,css,1b1d4c59,romanzrespicio,2026-05-01,16:26:49,-07:00,2026-05-01T16:26:49-07:00,2,0
style.css,315,css,1b1d4c59,romanzrespicio,2026-05-01,16:26:49,-07:00,2026-05-01T16:26:49-07:00,0,0
style.css,316,css,1b1d4c59,romanzrespicio,2026-05-01,16:26:49,-07:00,2026-05-01T16:26:49-07:00,2,28
style.css,317,css,1b1d4c59,romanzrespicio,2026-05-01,16:26:49,-07:00,2026-05-01T16:26:49-07:00,2,33
style.css,318,css,1b1d4c59,romanzrespicio,2026-05-01,16:26:49,-07:00,2026-05-01T16:26:49-07:00,3,22
style.css,319,css,1b1d4c59,romanzrespicio,2026-05-01,16:26:49,-07:00,2026-05-01T16:26:49-07:00,3,14
style.css,320,css,1b1d4c59,romanzrespicio,2026-05-01,16:26:49,-07:00,2026-05-01T16:26:49-07:00,3,17
style.css,321,css,1b1d4c59,romanzrespicio,2026-05-01,16:26:49,-07:00,2026-05-01T16:26:49-07:00,2,0
style.css,322,css,1b1d4c59,romanzrespicio,2026-05-01,16:26:49,-07:00,2026-05-01T16:26:49-07:00,0,0
style.css,323,css,1b1d4c59,romanzrespicio,2026-05-01,16:26:49,-07:00,2026-05-01T16:26:49-07:00,2,33
style.css,324,css,1b1d4c59,romanzrespicio,2026-05-01,16:26:49,-07:00,2026-05-01T16:26:49-07:00,3,22
style.css,325,css,1b1d4c59,romanzrespicio,2026-05-01,16:26:49,-07:00,2026-05-01T16:26:49-07:00,3,14
style.css,326,css,1b1d4c59,romanzrespicio,2026-05-01,16:26:49,-07:00,2026-05-01T16:26:49-07:00,3,9
style.css,327,css,1b1d4c59,romanzrespicio,2026-05-01,16:26:49,-07:00,2026-05-01T16:26:49-07:00,3,18
style.css,328,css,1b1d4c59,romanzrespicio,2026-05-01,16:26:49,-07:00,2026-05-01T16:26:49-07:00,3,47
style.css,329,css,1b1d4c59,romanzrespicio,2026-05-01,16:26:49,-07:00,2026-05-01T16:26:49-07:00,2,0
style.css,330,css,1b1d4c59,romanzrespicio,2026-05-01,16:26:49,-07:00,2026-05-01T16:26:49-07:00,1,0
style.css,331,css,1b1d4c59,romanzrespicio,2026-05-01,16:26:49,-07:00,2026-05-01T16:26:49-07:00,0,0
style.css,332,css,1b1d4c59,romanzrespicio,2026-05-01,16:26:49,-07:00,2026-05-01T16:26:49-07:00,1,28
style.css,333,css,1b1d4c59,romanzrespicio,2026-05-01,16:26:49,-07:00,2026-05-01T16:26:49-07:00,2,28
style.css,334,css,1b1d4c59,romanzrespicio,2026-05-01,16:26:49,-07:00,2026-05-01T16:26:49-07:00,2,33
style.css,335,css,1b1d4c59,romanzrespicio,2026-05-01,16:26:49,-07:00,2026-05-01T16:26:49-07:00,3,33
style.css,336,css,1b1d4c59,romanzrespicio,2026-05-01,16:26:49,-07:00,2026-05-01T16:26:49-07:00,3,13
style.css,337,css,1b1d4c59,romanzrespicio,2026-05-01,16:26:49,-07:00,2026-05-01T16:26:49-07:00,2,0
style.css,338,css,1b1d4c59,romanzrespicio,2026-05-01,16:26:49,-07:00,2026-05-01T16:26:49-07:00,1,0
style.css,339,css,1b1d4c59,romanzrespicio,2026-05-01,16:26:49,-07:00,2026-05-01T16:26:49-07:00,0,0
style.css,340,css,1b1d4c59,romanzrespicio,2026-05-01,16:26:49,-07:00,2026-05-01T16:26:49-07:00,0,0
style.css,341,css,e70fd314,romanzrespicio,2026-04-11,20:04:58,-07:00,2026-04-11T20:04:58-07:00,0,45
style.css,342,css,e70fd314,romanzrespicio,2026-04-11,20:04:58,-07:00,2026-04-11T20:04:58-07:00,0,9
style.css,343,css,e70fd314,romanzrespicio,2026-04-11,20:04:58,-07:00,2026-04-11T20:04:58-07:00,1,12
style.css,344,css,e70fd314,romanzrespicio,2026-04-11,20:04:58,-07:00,2026-04-11T20:04:58-07:00,1,58
style.css,345,css,e70fd314,romanzrespicio,2026-04-11,20:04:58,-07:00,2026-04-11T20:04:58-07:00,1,7
style.css,346,css,e70fd314,romanzrespicio,2026-04-11,20:04:58,-07:00,2026-04-11T20:04:58-07:00,0,0
style.css,347,css,e70fd314,romanzrespicio,2026-04-11,20:04:58,-07:00,2026-04-11T20:04:58-07:00,0,0
style.css,348,css,e70fd314,romanzrespicio,2026-04-11,20:04:58,-07:00,2026-04-11T20:04:58-07:00,0,17
style.css,349,css,e70fd314,romanzrespicio,2026-04-11,20:04:58,-07:00,2026-04-11T20:04:58-07:00,1,12
style.css,350,css,e70fd314,romanzrespicio,2026-04-11,20:04:58,-07:00,2026-04-11T20:04:58-07:00,1,26
style.css,351,css,e70fd314,romanzrespicio,2026-04-11,20:04:58,-07:00,2026-04-11T20:04:58-07:00,1,15
style.css,352,css,e70fd314,romanzrespicio,2026-04-11,20:04:58,-07:00,2026-04-11T20:04:58-07:00,0,0
style.css,353,css,e70fd314,romanzrespicio,2026-04-11,20:04:58,-07:00,2026-04-11T20:04:58-07:00,0,0
style.css,354,css,e70fd314,romanzrespicio,2026-04-11,20:04:58,-07:00,2026-04-11T20:04:58-07:00,0,20
style.css,355,css,e70fd314,romanzrespicio,2026-04-11,20:04:58,-07:00,2026-04-11T20:04:58-07:00,1,8
style.css,356,css,e70fd314,romanzrespicio,2026-04-11,20:04:58,-07:00,2026-04-11T20:04:58-07:00,0,0
style.css,357,css,e70fd314,romanzrespicio,2026-04-11,20:04:58,-07:00,2026-04-11T20:04:58-07:00,0,0
style.css,358,css,e70fd314,romanzrespicio,2026-04-11,20:04:58,-07:00,2026-04-11T20:04:58-07:00,0,21
style.css,359,css,e70fd314,romanzrespicio,2026-04-11,20:04:58,-07:00,2026-04-11T20:04:58-07:00,1,14
style.css,360,css,e70fd314,romanzrespicio,2026-04-11,20:04:58,-07:00,2026-04-11T20:04:58-07:00,1,11
style.css,361,css,e70fd314,romanzrespicio,2026-04-11,20:04:58,-07:00,2026-04-11T20:04:58-07:00,1,36
style.css,362,css,e70fd314,romanzrespicio,2026-04-11,20:04:58,-07:00,2026-04-11T20:04:58-07:00,1,15
style.css,363,css,e70fd314,romanzrespicio,2026-04-11,20:04:58,-07:00,2026-04-11T20:04:58-07:00,1,21
style.css,364,css,e70fd314,romanzrespicio,2026-04-11,20:04:58,-07:00,2026-04-11T20:04:58-07:00,0,0
style.css,365,css,e70fd314,romanzrespicio,2026-04-11,20:04:58,-07:00,2026-04-11T20:04:58-07:00,0,0
style.css,366,css,1b1d4c59,romanzrespicio,2026-05-01,16:26:49,-07:00,2026-05-01T16:26:49-07:00,0,31
style.css,367,css,1b1d4c59,romanzrespicio,2026-05-01,16:26:49,-07:00,2026-05-01T16:26:49-07:00,1,11
style.css,368,css,1b1d4c59,romanzrespicio,2026-05-01,16:26:49,-07:00,2026-05-01T16:26:49-07:00,0,0
style.css,369,css,1b1d4c59,romanzrespicio,2026-05-01,16:26:49,-07:00,2026-05-01T16:26:49-07:00,0,0
style.css,370,css,1b1d4c59,romanzrespicio,2026-05-01,16:26:49,-07:00,2026-05-01T16:26:49-07:00,0,49
style.css,371,css,1b1d4c59,romanzrespicio,2026-05-01,16:26:49,-07:00,2026-05-01T16:26:49-07:00,1,8
style.css,372,css,1b1d4c59,romanzrespicio,2026-05-01,16:26:49,-07:00,2026-05-01T16:26:49-07:00,0,0
style.css,373,css,1b1d4c59,romanzrespicio,2026-05-01,16:26:49,-07:00,2026-05-01T16:26:49-07:00,0,0
style.css,374,css,1b1d4c59,romanzrespicio,2026-05-01,16:26:49,-07:00,2026-05-01T16:26:49-07:00,0,31
style.css,375,css,1b1d4c59,romanzrespicio,2026-05-01,16:26:49,-07:00,2026-05-01T16:26:49-07:00,1,18
style.css,376,css,1b1d4c59,romanzrespicio,2026-05-01,16:26:49,-07:00,2026-05-01T16:26:49-07:00,1,10
style.css,377,css,1b1d4c59,romanzrespicio,2026-05-01,16:26:49,-07:00,2026-05-01T16:26:49-07:00,2,8
style.css,378,css,1b1d4c59,romanzrespicio,2026-05-01,16:26:49,-07:00,2026-05-01T16:26:49-07:00,2,12
style.css,379,css,1b1d4c59,romanzrespicio,2026-05-01,16:26:49,-07:00,2026-05-01T16:26:49-07:00,2,9
style.css,380,css,1b1d4c59,romanzrespicio,2026-05-01,16:26:49,-07:00,2026-05-01T16:26:49-07:00,2,5
style.css,381,css,1b1d4c59,romanzrespicio,2026-05-01,16:26:49,-07:00,2026-05-01T16:26:49-07:00,2,15
style.css,382,css,1b1d4c59,romanzrespicio,2026-05-01,16:26:49,-07:00,2026-05-01T16:26:49-07:00,2,4
style.css,383,css,1b1d4c59,romanzrespicio,2026-05-01,16:26:49,-07:00,2026-05-01T16:26:49-07:00,2,9
style.css,384,css,1b1d4c59,romanzrespicio,2026-05-01,16:26:49,-07:00,2026-05-01T16:26:49-07:00,1,19
style.css,385,css,1b1d4c59,romanzrespicio,2026-05-01,16:26:49,-07:00,2026-05-01T16:26:49-07:00,1,15
style.css,386,css,1b1d4c59,romanzrespicio,2026-05-01,16:26:49,-07:00,2026-05-01T16:26:49-07:00,1,32
style.css,387,css,1b1d4c59,romanzrespicio,2026-05-01,16:26:49,-07:00,2026-05-01T16:26:49-07:00,1,21
style.css,388,css,1b1d4c59,romanzrespicio,2026-05-01,16:26:49,-07:00,2026-05-01T16:26:49-07:00,1,25
style.css,389,css,1b1d4c59,romanzrespicio,2026-05-01,16:26:49,-07:00,2026-05-01T16:26:49-07:00,0,0
style.css,390,css,1b1d4c59,romanzrespicio,2026-05-01,16:26:49,-07:00,2026-05-01T16:26:49-07:00,0,0
style.css,391,css,1b1d4c59,romanzrespicio,2026-05-01,16:26:49,-07:00,2026-05-01T16:26:49-07:00,0,38
style.css,392,css,1b1d4c59,romanzrespicio,2026-05-01,16:26:49,-07:00,2026-05-01T16:26:49-07:00,1,15
style.css,393,css,1b1d4c59,romanzrespicio,2026-05-01,16:26:49,-07:00,2026-05-01T16:26:49-07:00,1,21
style.css,394,css,1b1d4c59,romanzrespicio,2026-05-01,16:26:49,-07:00,2026-05-01T16:26:49-07:00,1,24
style.css,395,css,1b1d4c59,romanzrespicio,2026-05-01,16:26:49,-07:00,2026-05-01T16:26:49-07:00,1,25
style.css,396,css,1b1d4c59,romanzrespicio,2026-05-01,16:26:49,-07:00,2026-05-01T16:26:49-07:00,0,0
style.css,397,css,1b1d4c59,romanzrespicio,2026-05-01,16:26:49,-07:00,2026-05-01T16:26:49-07:00,0,0
style.css,398,css,1b1d4c59,romanzrespicio,2026-05-01,16:26:49,-07:00,2026-05-01T16:26:49-07:00,0,36
style.css,399,css,1b1d4c59,romanzrespicio,2026-05-01,16:26:49,-07:00,2026-05-01T16:26:49-07:00,1,15
style.css,400,css,1b1d4c59,romanzrespicio,2026-05-01,16:26:49,-07:00,2026-05-01T16:26:49-07:00,1,21
style.css,401,css,1b1d4c59,romanzrespicio,2026-05-01,16:26:49,-07:00,2026-05-01T16:26:49-07:00,0,0
style.css,402,css,1b1d4c59,romanzrespicio,2026-05-01,16:26:49,-07:00,2026-05-01T16:26:49-07:00,0,0
style.css,403,css,6d010172,romanzrespicio,2026-04-24,21:57:16,-07:00,2026-04-24T21:57:16-07:00,0,55
style.css,404,css,6d010172,romanzrespicio,2026-04-24,21:57:16,-07:00,2026-04-24T21:57:16-07:00,0,17
style.css,405,css,6d010172,romanzrespicio,2026-04-24,21:57:16,-07:00,2026-04-24T21:57:16-07:00,1,8
style.css,406,css,6d010172,romanzrespicio,2026-04-24,21:57:16,-07:00,2026-04-24T21:57:16-07:00,1,12
style.css,407,css,6d010172,romanzrespicio,2026-04-24,21:57:16,-07:00,2026-04-24T21:57:16-07:00,1,36
style.css,408,css,6d010172,romanzrespicio,2026-04-24,21:57:16,-07:00,2026-04-24T21:57:16-07:00,1,18
style.css,409,css,6d010172,romanzrespicio,2026-04-24,21:57:16,-07:00,2026-04-24T21:57:16-07:00,1,17
style.css,410,css,6d010172,romanzrespicio,2026-04-24,21:57:16,-07:00,2026-04-24T21:57:16-07:00,0,0
style.css,411,css,6d010172,romanzrespicio,2026-04-24,21:57:16,-07:00,2026-04-24T21:57:16-07:00,0,0
style.css,412,css,6d010172,romanzrespicio,2026-04-24,21:57:16,-07:00,2026-04-24T21:57:16-07:00,0,17
style.css,413,css,6d010172,romanzrespicio,2026-04-24,21:57:16,-07:00,2026-04-24T21:57:16-07:00,1,10
style.css,414,css,6d010172,romanzrespicio,2026-04-24,21:57:16,-07:00,2026-04-24T21:57:16-07:00,1,17
style.css,415,css,6d010172,romanzrespicio,2026-04-24,21:57:16,-07:00,2026-04-24T21:57:16-07:00,1,21
style.css,416,css,6d010172,romanzrespicio,2026-04-24,21:57:16,-07:00,2026-04-24T21:57:16-07:00,1,24
style.css,417,css,6d010172,romanzrespicio,2026-04-24,21:57:16,-07:00,2026-04-24T21:57:16-07:00,1,49
style.css,418,css,6d010172,romanzrespicio,2026-04-24,21:57:16,-07:00,2026-04-24T21:57:16-07:00,0,0
style.css,419,css,6d010172,romanzrespicio,2026-04-24,21:57:16,-07:00,2026-04-24T21:57:16-07:00,0,0
style.css,420,css,6d010172,romanzrespicio,2026-04-24,21:57:16,-07:00,2026-04-24T21:57:16-07:00,0,17
style.css,421,css,6d010172,romanzrespicio,2026-04-24,21:57:16,-07:00,2026-04-24T21:57:16-07:00,1,10
style.css,422,css,6d010172,romanzrespicio,2026-04-24,21:57:16,-07:00,2026-04-24T21:57:16-07:00,1,8
style.css,423,css,6d010172,romanzrespicio,2026-04-24,21:57:16,-07:00,2026-04-24T21:57:16-07:00,1,17
style.css,424,css,6d010172,romanzrespicio,2026-04-24,21:57:16,-07:00,2026-04-24T21:57:16-07:00,1,15
style.css,425,css,6d010172,romanzrespicio,2026-04-24,21:57:16,-07:00,2026-04-24T21:57:16-07:00,1,22
style.css,426,css,6d010172,romanzrespicio,2026-04-24,21:57:16,-07:00,2026-04-24T21:57:16-07:00,1,33
style.css,427,css,6d010172,romanzrespicio,2026-04-24,21:57:16,-07:00,2026-04-24T21:57:16-07:00,0,0
style.css,428,css,6d010172,romanzrespicio,2026-04-24,21:57:16,-07:00,2026-04-24T21:57:16-07:00,0,0
style.css,429,css,e70fd314,romanzrespicio,2026-04-11,20:04:58,-07:00,2026-04-11T20:04:58-07:00,0,15
style.css,430,css,e70fd314,romanzrespicio,2026-04-11,20:04:58,-07:00,2026-04-11T20:04:58-07:00,0,24
style.css,431,css,e70fd314,romanzrespicio,2026-04-11,20:04:58,-07:00,2026-04-11T20:04:58-07:00,1,14
style.css,432,css,e70fd314,romanzrespicio,2026-04-11,20:04:58,-07:00,2026-04-11T20:04:58-07:00,0,0
style.css,433,css,e70fd314,romanzrespicio,2026-04-11,20:04:58,-07:00,2026-04-11T20:04:58-07:00,0,0
style.css,434,css,e70fd314,romanzrespicio,2026-04-11,20:04:58,-07:00,2026-04-11T20:04:58-07:00,0,26
style.css,435,css,e70fd314,romanzrespicio,2026-04-11,20:04:58,-07:00,2026-04-11T20:04:58-07:00,1,18
style.css,436,css,e70fd314,romanzrespicio,2026-04-11,20:04:58,-07:00,2026-04-11T20:04:58-07:00,1,21
style.css,437,css,7568652b,romanzrespicio,2026-04-15,17:44:40,-07:00,2026-04-15T17:44:40-07:00,1,43
style.css,438,css,e70fd314,romanzrespicio,2026-04-11,20:04:58,-07:00,2026-04-11T20:04:58-07:00,0,0
style.css,439,css,e70fd314,romanzrespicio,2026-04-11,20:04:58,-07:00,2026-04-11T20:04:58-07:00,0,0
style.css,440,css,e70fd314,romanzrespicio,2026-04-11,20:04:58,-07:00,2026-04-11T20:04:58-07:00,0,29
style.css,441,css,e70fd314,romanzrespicio,2026-04-11,20:04:58,-07:00,2026-04-11T20:04:58-07:00,1,34
style.css,442,css,e70fd314,romanzrespicio,2026-04-11,20:04:58,-07:00,2026-04-11T20:04:58-07:00,1,15
style.css,443,css,e70fd314,romanzrespicio,2026-04-11,20:04:58,-07:00,2026-04-11T20:04:58-07:00,1,22
style.css,444,css,e70fd314,romanzrespicio,2026-04-11,20:04:58,-07:00,2026-04-11T20:04:58-07:00,1,17
style.css,445,css,e70fd314,romanzrespicio,2026-04-11,20:04:58,-07:00,2026-04-11T20:04:58-07:00,0,0
style.css,446,css,e70fd314,romanzrespicio,2026-04-11,20:04:58,-07:00,2026-04-11T20:04:58-07:00,0,0
style.css,447,css,e70fd314,romanzrespicio,2026-04-11,20:04:58,-07:00,2026-04-11T20:04:58-07:00,0,26
style.css,448,css,e70fd314,romanzrespicio,2026-04-11,20:04:58,-07:00,2026-04-11T20:04:58-07:00,0,25
style.css,449,css,e70fd314,romanzrespicio,2026-04-11,20:04:58,-07:00,2026-04-11T20:04:58-07:00,1,17
style.css,450,css,e70fd314,romanzrespicio,2026-04-11,20:04:58,-07:00,2026-04-11T20:04:58-07:00,1,25
style.css,451,css,e70fd314,romanzrespicio,2026-04-11,20:04:58,-07:00,2026-04-11T20:04:58-07:00,1,17
style.css,452,css,e70fd314,romanzrespicio,2026-04-11,20:04:58,-07:00,2026-04-11T20:04:58-07:00,0,0
style.css,453,css,e70fd314,romanzrespicio,2026-04-11,20:04:58,-07:00,2026-04-11T20:04:58-07:00,0,0
style.css,454,css,e70fd314,romanzrespicio,2026-04-11,20:04:58,-07:00,2026-04-11T20:04:58-07:00,0,28
style.css,455,css,e70fd314,romanzrespicio,2026-04-11,20:04:58,-07:00,2026-04-11T20:04:58-07:00,1,25
style.css,456,css,e70fd314,romanzrespicio,2026-04-11,20:04:58,-07:00,2026-04-11T20:04:58-07:00,1,20
style.css,457,css,e70fd314,romanzrespicio,2026-04-11,20:04:58,-07:00,2026-04-11T20:04:58-07:00,0,0
style.css,458,css,e70fd314,romanzrespicio,2026-04-11,20:04:58,-07:00,2026-04-11T20:04:58-07:00,0,0
style.css,459,css,e70fd314,romanzrespicio,2026-04-11,20:04:58,-07:00,2026-04-11T20:04:58-07:00,0,34
style.css,460,css,e70fd314,romanzrespicio,2026-04-11,20:04:58,-07:00,2026-04-11T20:04:58-07:00,1,25
style.css,461,css,e70fd314,romanzrespicio,2026-04-11,20:04:58,-07:00,2026-04-11T20:04:58-07:00,0,0
style.css,462,css,e70fd314,romanzrespicio,2026-04-11,20:04:58,-07:00,2026-04-11T20:04:58-07:00,0,0
style.css,463,css,0163845f,romanzrespicio,2026-04-11,20:09:44,-07:00,2026-04-11T20:09:44-07:00,0,27
style.css,464,css,0163845f,romanzrespicio,2026-04-11,20:09:44,-07:00,2026-04-11T20:09:44-07:00,1,22
style.css,465,css,0163845f,romanzrespicio,2026-04-11,20:09:44,-07:00,2026-04-11T20:09:44-07:00,0,0
style.css,466,css,0163845f,romanzrespicio,2026-04-11,20:09:44,-07:00,2026-04-11T20:09:44-07:00,0,0
style.css,467,css,e70fd314,romanzrespicio,2026-04-11,20:04:58,-07:00,2026-04-11T20:04:58-07:00,0,27
style.css,468,css,e70fd314,romanzrespicio,2026-04-11,20:04:58,-07:00,2026-04-11T20:04:58-07:00,1,18
style.css,469,css,e70fd314,romanzrespicio,2026-04-11,20:04:58,-07:00,2026-04-11T20:04:58-07:00,0,0
style.css,470,css,e70fd314,romanzrespicio,2026-04-11,20:04:58,-07:00,2026-04-11T20:04:58-07:00,0,0
style.css,471,css,e70fd314,romanzrespicio,2026-04-11,20:04:58,-07:00,2026-04-11T20:04:58-07:00,0,41
style.css,472,css,e70fd314,romanzrespicio,2026-04-11,20:04:58,-07:00,2026-04-11T20:04:58-07:00,1,12
style.css,473,css,e70fd314,romanzrespicio,2026-04-11,20:04:58,-07:00,2026-04-11T20:04:58-07:00,0,0
style.css,474,css,e70fd314,romanzrespicio,2026-04-11,20:04:58,-07:00,2026-04-11T20:04:58-07:00,0,0
style.css,475,css,e70fd314,romanzrespicio,2026-04-11,20:04:58,-07:00,2026-04-11T20:04:58-07:00,0,30
style.css,476,css,e70fd314,romanzrespicio,2026-04-11,20:04:58,-07:00,2026-04-11T20:04:58-07:00,1,16
style.css,477,css,e70fd314,romanzrespicio,2026-04-11,20:04:58,-07:00,2026-04-11T20:04:58-07:00,1,15
style.css,478,css,e70fd314,romanzrespicio,2026-04-11,20:04:58,-07:00,2026-04-11T20:04:58-07:00,1,21
style.css,479,css,e70fd314,romanzrespicio,2026-04-11,20:04:58,-07:00,2026-04-11T20:04:58-07:00,1,24
style.css,480,css,e70fd314,romanzrespicio,2026-04-11,20:04:58,-07:00,2026-04-11T20:04:58-07:00,1,25
style.css,481,css,e70fd314,romanzrespicio,2026-04-11,20:04:58,-07:00,2026-04-11T20:04:58-07:00,1,15
style.css,482,css,e70fd314,romanzrespicio,2026-04-11,20:04:58,-07:00,2026-04-11T20:04:58-07:00,1,21
style.css,483,css,e70fd314,romanzrespicio,2026-04-11,20:04:58,-07:00,2026-04-11T20:04:58-07:00,1,43
style.css,484,css,e70fd314,romanzrespicio,2026-04-11,20:04:58,-07:00,2026-04-11T20:04:58-07:00,0,0
style.css,485,css,e70fd314,romanzrespicio,2026-04-11,20:04:58,-07:00,2026-04-11T20:04:58-07:00,0,0
style.css,486,css,e70fd314,romanzrespicio,2026-04-11,20:04:58,-07:00,2026-04-11T20:04:58-07:00,0,25
style.css,487,css,e70fd314,romanzrespicio,2026-04-11,20:04:58,-07:00,2026-04-11T20:04:58-07:00,1,8
style.css,488,css,e70fd314,romanzrespicio,2026-04-11,20:04:58,-07:00,2026-04-11T20:04:58-07:00,0,0
style.css,489,css,e70fd314,romanzrespicio,2026-04-11,20:04:58,-07:00,2026-04-11T20:04:58-07:00,0,0
style.css,490,css,e70fd314,romanzrespicio,2026-04-11,20:04:58,-07:00,2026-04-11T20:04:58-07:00,0,41
style.css,491,css,e70fd314,romanzrespicio,2026-04-11,20:04:58,-07:00,2026-04-11T20:04:58-07:00,1,17
style.css,492,css,e70fd314,romanzrespicio,2026-04-11,20:04:58,-07:00,2026-04-11T20:04:58-07:00,1,18
style.css,493,css,e70fd314,romanzrespicio,2026-04-11,20:04:58,-07:00,2026-04-11T20:04:58-07:00,1,38
style.css,494,css,e70fd314,romanzrespicio,2026-04-11,20:04:58,-07:00,2026-04-11T20:04:58-07:00,0,0
style.css,495,css,e70fd314,romanzrespicio,2026-04-11,20:04:58,-07:00,2026-04-11T20:04:58-07:00,0,0
style.css,496,css,e70fd314,romanzrespicio,2026-04-11,20:04:58,-07:00,2026-04-11T20:04:58-07:00,0,59
style.css,497,css,e70fd314,romanzrespicio,2026-04-11,20:04:58,-07:00,2026-04-11T20:04:58-07:00,1,15
style.css,498,css,e70fd314,romanzrespicio,2026-04-11,20:04:58,-07:00,2026-04-11T20:04:58-07:00,1,16
style.css,499,css,e70fd314,romanzrespicio,2026-04-11,20:04:58,-07:00,2026-04-11T20:04:58-07:00,0,0
style.css,500,css,e70fd314,romanzrespicio,2026-04-11,20:04:58,-07:00,2026-04-11T20:04:58-07:00,0,0
style.css,501,css,e70fd314,romanzrespicio,2026-04-11,20:04:58,-07:00,2026-04-11T20:04:58-07:00,0,28
style.css,502,css,e70fd314,romanzrespicio,2026-04-11,20:04:58,-07:00,2026-04-11T20:04:58-07:00,1,17
style.css,503,css,e70fd314,romanzrespicio,2026-04-11,20:04:58,-07:00,2026-04-11T20:04:58-07:00,1,15
style.css,504,css,e70fd314,romanzrespicio,2026-04-11,20:04:58,-07:00,2026-04-11T20:04:58-07:00,1,16
style.css,505,css,e70fd314,romanzrespicio,2026-04-11,20:04:58,-07:00,2026-04-11T20:04:58-07:00,1,25
style.css,506,css,e70fd314,romanzrespicio,2026-04-11,20:04:58,-07:00,2026-04-11T20:04:58-07:00,0,0
style.css,507,css,e70fd314,romanzrespicio,2026-04-11,20:04:58,-07:00,2026-04-11T20:04:58-07:00,0,0
style.css,508,css,e70fd314,romanzrespicio,2026-04-11,20:04:58,-07:00,2026-04-11T20:04:58-07:00,0,24
style.css,509,css,e70fd314,romanzrespicio,2026-04-11,20:04:58,-07:00,2026-04-11T20:04:58-07:00,1,8
style.css,510,css,e70fd314,romanzrespicio,2026-04-11,20:04:58,-07:00,2026-04-11T20:04:58-07:00,1,15
style.css,511,css,e70fd314,romanzrespicio,2026-04-11,20:04:58,-07:00,2026-04-11T20:04:58-07:00,1,25
style.css,512,css,e70fd314,romanzrespicio,2026-04-11,20:04:58,-07:00,2026-04-11T20:04:58-07:00,0,0
style.css,513,css,e70fd314,romanzrespicio,2026-04-11,20:04:58,-07:00,2026-04-11T20:04:58-07:00,0,0
style.css,514,css,e70fd314,romanzrespicio,2026-04-11,20:04:58,-07:00,2026-04-11T20:04:58-07:00,0,24
style.css,515,css,e70fd314,romanzrespicio,2026-04-11,20:04:58,-07:00,2026-04-11T20:04:58-07:00,1,17
style.css,516,css,e70fd314,romanzrespicio,2026-04-11,20:04:58,-07:00,2026-04-11T20:04:58-07:00,1,16
style.css,517,css,e70fd314,romanzrespicio,2026-04-11,20:04:58,-07:00,2026-04-11T20:04:58-07:00,1,25
style.css,518,css,e70fd314,romanzrespicio,2026-04-11,20:04:58,-07:00,2026-04-11T20:04:58-07:00,1,33
style.css,519,css,e70fd314,romanzrespicio,2026-04-11,20:04:58,-07:00,2026-04-11T20:04:58-07:00,0,0
style.css,520,css,e70fd314,romanzrespicio,2026-04-11,20:04:58,-07:00,2026-04-11T20:04:58-07:00,0,0
style.css,521,css,e70fd314,romanzrespicio,2026-04-11,20:04:58,-07:00,2026-04-11T20:04:58-07:00,0,26
style.css,522,css,e70fd314,romanzrespicio,2026-04-11,20:04:58,-07:00,2026-04-11T20:04:58-07:00,1,25
style.css,523,css,e70fd314,romanzrespicio,2026-04-11,20:04:58,-07:00,2026-04-11T20:04:58-07:00,1,20
style.css,524,css,e70fd314,romanzrespicio,2026-04-11,20:04:58,-07:00,2026-04-11T20:04:58-07:00,1,15
style.css,525,css,0163845f,romanzrespicio,2026-04-11,20:09:44,-07:00,2026-04-11T20:09:44-07:00,1,22
style.css,526,css,e70fd314,romanzrespicio,2026-04-11,20:04:58,-07:00,2026-04-11T20:04:58-07:00,0,0
style.css,527,css,e70fd314,romanzrespicio,2026-04-11,20:04:58,-07:00,2026-04-11T20:04:58-07:00,0,0
style.css,528,css,e70fd314,romanzrespicio,2026-04-11,20:04:58,-07:00,2026-04-11T20:04:58-07:00,0,32
style.css,529,css,e70fd314,romanzrespicio,2026-04-11,20:04:58,-07:00,2026-04-11T20:04:58-07:00,1,25
style.css,530,css,e70fd314,romanzrespicio,2026-04-11,20:04:58,-07:00,2026-04-11T20:04:58-07:00,0,0
style.css,531,css,e70fd314,romanzrespicio,2026-04-11,20:04:58,-07:00,2026-04-11T20:04:58-07:00,0,0
style.css,532,css,0163845f,romanzrespicio,2026-04-11,20:09:44,-07:00,2026-04-11T20:09:44-07:00,0,33
style.css,533,css,0163845f,romanzrespicio,2026-04-11,20:09:44,-07:00,2026-04-11T20:09:44-07:00,1,17
style.css,534,css,0163845f,romanzrespicio,2026-04-11,20:09:44,-07:00,2026-04-11T20:09:44-07:00,1,16
style.css,535,css,0163845f,romanzrespicio,2026-04-11,20:09:44,-07:00,2026-04-11T20:09:44-07:00,1,15
style.css,536,css,0163845f,romanzrespicio,2026-04-11,20:09:44,-07:00,2026-04-11T20:09:44-07:00,1,25
style.css,537,css,0163845f,romanzrespicio,2026-04-11,20:09:44,-07:00,2026-04-11T20:09:44-07:00,0,0
style.css,538,css,0163845f,romanzrespicio,2026-04-11,20:09:44,-07:00,2026-04-11T20:09:44-07:00,0,0
style.css,539,css,0163845f,romanzrespicio,2026-04-11,20:09:44,-07:00,2026-04-11T20:09:44-07:00,0,30
style.css,540,css,0163845f,romanzrespicio,2026-04-11,20:09:44,-07:00,2026-04-11T20:09:44-07:00,1,17
style.css,541,css,0163845f,romanzrespicio,2026-04-11,20:09:44,-07:00,2026-04-11T20:09:44-07:00,1,17
style.css,542,css,0163845f,romanzrespicio,2026-04-11,20:09:44,-07:00,2026-04-11T20:09:44-07:00,1,16
style.css,543,css,0163845f,romanzrespicio,2026-04-11,20:09:44,-07:00,2026-04-11T20:09:44-07:00,1,25
style.css,544,css,0163845f,romanzrespicio,2026-04-11,20:09:44,-07:00,2026-04-11T20:09:44-07:00,0,0
style.css,545,css,0163845f,romanzrespicio,2026-04-11,20:09:44,-07:00,2026-04-11T20:09:44-07:00,0,0
style.css,546,css,0163845f,romanzrespicio,2026-04-11,20:09:44,-07:00,2026-04-11T20:09:44-07:00,0,43
style.css,547,css,0163845f,romanzrespicio,2026-04-11,20:09:44,-07:00,2026-04-11T20:09:44-07:00,1,15
style.css,548,css,0163845f,romanzrespicio,2026-04-11,20:09:44,-07:00,2026-04-11T20:09:44-07:00,1,25
style.css,549,css,0163845f,romanzrespicio,2026-04-11,20:09:44,-07:00,2026-04-11T20:09:44-07:00,0,0
style.css,550,css,0163845f,romanzrespicio,2026-04-11,20:09:44,-07:00,2026-04-11T20:09:44-07:00,0,0
style.css,551,css,e70fd314,romanzrespicio,2026-04-11,20:04:58,-07:00,2026-04-11T20:04:58-07:00,0,28
style.css,552,css,e70fd314,romanzrespicio,2026-04-11,20:04:58,-07:00,2026-04-11T20:04:58-07:00,1,17
style.css,553,css,e70fd314,romanzrespicio,2026-04-11,20:04:58,-07:00,2026-04-11T20:04:58-07:00,1,15
style.css,554,css,e70fd314,romanzrespicio,2026-04-11,20:04:58,-07:00,2026-04-11T20:04:58-07:00,1,24
style.css,555,css,e70fd314,romanzrespicio,2026-04-11,20:04:58,-07:00,2026-04-11T20:04:58-07:00,1,21
style.css,556,css,e70fd314,romanzrespicio,2026-04-11,20:04:58,-07:00,2026-04-11T20:04:58-07:00,1,20
style.css,557,css,e70fd314,romanzrespicio,2026-04-11,20:04:58,-07:00,2026-04-11T20:04:58-07:00,1,25
style.css,558,css,e70fd314,romanzrespicio,2026-04-11,20:04:58,-07:00,2026-04-11T20:04:58-07:00,0,0
style.css,559,css,e70fd314,romanzrespicio,2026-04-11,20:04:58,-07:00,2026-04-11T20:04:58-07:00,0,0
style.css,560,css,e70fd314,romanzrespicio,2026-04-11,20:04:58,-07:00,2026-04-11T20:04:58-07:00,0,27
style.css,561,css,e70fd314,romanzrespicio,2026-04-11,20:04:58,-07:00,2026-04-11T20:04:58-07:00,0,26
style.css,562,css,e70fd314,romanzrespicio,2026-04-11,20:04:58,-07:00,2026-04-11T20:04:58-07:00,1,18
style.css,563,css,e70fd314,romanzrespicio,2026-04-11,20:04:58,-07:00,2026-04-11T20:04:58-07:00,1,19
style.css,564,css,e70fd314,romanzrespicio,2026-04-11,20:04:58,-07:00,2026-04-11T20:04:58-07:00,0,0
style.css,565,css,e70fd314,romanzrespicio,2026-04-11,20:04:58,-07:00,2026-04-11T20:04:58-07:00,0,0
style.css,566,css,e70fd314,romanzrespicio,2026-04-11,20:04:58,-07:00,2026-04-11T20:04:58-07:00,0,27
style.css,567,css,e70fd314,romanzrespicio,2026-04-11,20:04:58,-07:00,2026-04-11T20:04:58-07:00,0,29
style.css,568,css,e70fd314,romanzrespicio,2026-04-11,20:04:58,-07:00,2026-04-11T20:04:58-07:00,1,15
style.css,569,css,e70fd314,romanzrespicio,2026-04-11,20:04:58,-07:00,2026-04-11T20:04:58-07:00,1,19
style.css,570,css,e70fd314,romanzrespicio,2026-04-11,20:04:58,-07:00,2026-04-11T20:04:58-07:00,0,0
style.css,571,css,e70fd314,romanzrespicio,2026-04-11,20:04:58,-07:00,2026-04-11T20:04:58-07:00,0,0
style.css,572,css,e70fd314,romanzrespicio,2026-04-11,20:04:58,-07:00,2026-04-11T20:04:58-07:00,0,35
style.css,573,css,e70fd314,romanzrespicio,2026-04-11,20:04:58,-07:00,2026-04-11T20:04:58-07:00,0,37
style.css,574,css,e70fd314,romanzrespicio,2026-04-11,20:04:58,-07:00,2026-04-11T20:04:58-07:00,1,25
style.css,575,css,e70fd314,romanzrespicio,2026-04-11,20:04:58,-07:00,2026-04-11T20:04:58-07:00,0,0
style.css,576,css,e70fd314,romanzrespicio,2026-04-11,20:04:58,-07:00,2026-04-11T20:04:58-07:00,0,0
style.css,577,css,e70fd314,romanzrespicio,2026-04-11,20:04:58,-07:00,2026-04-11T20:04:58-07:00,0,37
style.css,578,css,e70fd314,romanzrespicio,2026-04-11,20:04:58,-07:00,2026-04-11T20:04:58-07:00,1,17
style.css,579,css,e70fd314,romanzrespicio,2026-04-11,20:04:58,-07:00,2026-04-11T20:04:58-07:00,1,20
style.css,580,css,e70fd314,romanzrespicio,2026-04-11,20:04:58,-07:00,2026-04-11T20:04:58-07:00,0,0
style.css,581,css,e70fd314,romanzrespicio,2026-04-11,20:04:58,-07:00,2026-04-11T20:04:58-07:00,0,0
style.css,582,css,e70fd314,romanzrespicio,2026-04-11,20:04:58,-07:00,2026-04-11T20:04:58-07:00,0,36
style.css,583,css,e70fd314,romanzrespicio,2026-04-11,20:04:58,-07:00,2026-04-11T20:04:58-07:00,1,8
style.css,584,css,e70fd314,romanzrespicio,2026-04-11,20:04:58,-07:00,2026-04-11T20:04:58-07:00,1,25
style.css,585,css,e70fd314,romanzrespicio,2026-04-11,20:04:58,-07:00,2026-04-11T20:04:58-07:00,0,0
index.js,1,js,8625bf41,romanzrespicio,2026-04-24,21:37:38,-07:00,2026-04-24T21:37:38-07:00,0,71
index.js,2,js,8625bf41,romanzrespicio,2026-04-24,21:37:38,-07:00,2026-04-24T21:37:38-07:00,0,0
index.js,3,js,9ec5b1f0,romanzrespicio,2026-04-24,21:52:07,-07:00,2026-04-24T21:52:07-07:00,0,60
index.js,4,js,8625bf41,romanzrespicio,2026-04-24,21:37:38,-07:00,2026-04-24T21:37:38-07:00,0,60
index.js,5,js,8625bf41,romanzrespicio,2026-04-24,21:37:38,-07:00,2026-04-24T21:37:38-07:00,0,0
index.js,6,js,9ec5b1f0,romanzrespicio,2026-04-24,21:52:07,-07:00,2026-04-24T21:52:07-07:00,0,3
index.js,7,js,9ec5b1f0,romanzrespicio,2026-04-24,21:52:07,-07:00,2026-04-24T21:52:07-07:00,1,54
index.js,8,js,9ec5b1f0,romanzrespicio,2026-04-24,21:52:07,-07:00,2026-04-24T21:52:07-07:00,1,42
index.js,9,js,9ec5b1f0,romanzrespicio,2026-04-24,21:52:07,-07:00,2026-04-24T21:52:07-07:00,1,54
index.js,10,js,9ec5b1f0,romanzrespicio,2026-04-24,21:52:07,-07:00,2026-04-24T21:52:07-07:00,0,7
index.js,11,js,9ec5b1f0,romanzrespicio,2026-04-24,21:52:07,-07:00,2026-04-24T21:52:07-07:00,1,22
index.js,12,js,9ec5b1f0,romanzrespicio,2026-04-24,21:52:07,-07:00,2026-04-24T21:52:07-07:00,2,29
index.js,13,js,9ec5b1f0,romanzrespicio,2026-04-24,21:52:07,-07:00,2026-04-24T21:52:07-07:00,3,99
index.js,14,js,9ec5b1f0,romanzrespicio,2026-04-24,21:52:07,-07:00,2026-04-24T21:52:07-07:00,1,0
index.js,15,js,9ec5b1f0,romanzrespicio,2026-04-24,21:52:07,-07:00,2026-04-24T21:52:07-07:00,0,0
index.js,16,js,8625bf41,romanzrespicio,2026-04-24,21:37:38,-07:00,2026-04-24T21:37:38-07:00,0,0
index.js,17,js,9ec5b1f0,romanzrespicio,2026-04-24,21:52:07,-07:00,2026-04-24T21:52:07-07:00,0,3
index.js,18,js,9ec5b1f0,romanzrespicio,2026-04-24,21:52:07,-07:00,2026-04-24T21:52:07-07:00,1,57
index.js,19,js,8625bf41,romanzrespicio,2026-04-24,21:37:38,-07:00,2026-04-24T21:37:38-07:00,0,0
index.js,20,js,9ec5b1f0,romanzrespicio,2026-04-24,21:52:07,-07:00,2026-04-24T21:52:07-07:00,1,17
index.js,21,js,9ec5b1f0,romanzrespicio,2026-04-24,21:52:07,-07:00,2026-04-24T21:52:07-07:00,2,24
index.js,22,js,9ec5b1f0,romanzrespicio,2026-04-24,21:52:07,-07:00,2026-04-24T21:52:07-07:00,3,2
index.js,23,js,9ec5b1f0,romanzrespicio,2026-04-24,21:52:07,-07:00,2026-04-24T21:52:07-07:00,4,55
index.js,24,js,9ec5b1f0,romanzrespicio,2026-04-24,21:52:07,-07:00,2026-04-24T21:52:07-07:00,4,55
index.js,25,js,9ec5b1f0,romanzrespicio,2026-04-24,21:52:07,-07:00,2026-04-24T21:52:07-07:00,4,49
index.js,26,js,9ec5b1f0,romanzrespicio,2026-04-24,21:52:07,-07:00,2026-04-24T21:52:07-07:00,4,49
index.js,27,js,9ec5b1f0,romanzrespicio,2026-04-24,21:52:07,-07:00,2026-04-24T21:52:07-07:00,3,3
index.js,28,js,9ec5b1f0,romanzrespicio,2026-04-24,21:52:07,-07:00,2026-04-24T21:52:07-07:00,2,0
index.js,29,js,9ec5b1f0,romanzrespicio,2026-04-24,21:52:07,-07:00,2026-04-24T21:52:07-07:00,1,0
index.js,30,js,9ec5b1f0,romanzrespicio,2026-04-24,21:52:07,-07:00,2026-04-24T21:52:07-07:00,0,7
index.js,31,js,9ec5b1f0,romanzrespicio,2026-04-24,21:52:07,-07:00,2026-04-24T21:52:07-07:00,1,17
index.js,32,js,9ec5b1f0,romanzrespicio,2026-04-24,21:52:07,-07:00,2026-04-24T21:52:07-07:00,2,24
index.js,33,js,9ec5b1f0,romanzrespicio,2026-04-24,21:52:07,-07:00,2026-04-24T21:52:07-07:00,3,69
index.js,34,js,9ec5b1f0,romanzrespicio,2026-04-24,21:52:07,-07:00,2026-04-24T21:52:07-07:00,1,0
index.js,35,js,8625bf41,romanzrespicio,2026-04-24,21:37:38,-07:00,2026-04-24T21:37:38-07:00,0,0
index.js,36,js,8625bf41,romanzrespicio,2026-04-24,21:37:38,-07:00,2026-04-24T21:37:38-07:00,0,0
index.html,1,html,978a718e,romanzrespicio,2026-04-04,20:31:10,-07:00,2026-04-04T20:31:10-07:00,0,13
index.html,2,html,978a718e,romanzrespicio,2026-04-04,20:31:10,-07:00,2026-04-04T20:31:10-07:00,0,14
index.html,3,html,978a718e,romanzrespicio,2026-04-04,20:31:10,-07:00,2026-04-04T20:31:10-07:00,0,4
index.html,4,html,978a718e,romanzrespicio,2026-04-04,20:31:10,-07:00,2026-04-04T20:31:10-07:00,2,20
index.html,5,html,978a718e,romanzrespicio,2026-04-04,20:31:10,-07:00,2026-04-04T20:31:10-07:00,2,68
index.html,6,html,978a718e,romanzrespicio,2026-04-04,20:31:10,-07:00,2026-04-04T20:31:10-07:00,2,56
index.html,7,html,e70fd314,romanzrespicio,2026-04-11,20:04:58,-07:00,2026-04-11T20:04:58-07:00,2,38
index.html,8,html,978a718e,romanzrespicio,2026-04-04,20:31:10,-07:00,2026-04-04T20:31:10-07:00,0,5
index.html,9,html,978a718e,romanzrespicio,2026-04-04,20:31:10,-07:00,2026-04-04T20:31:10-07:00,0,4
index.html,10,html,8b864cff,romanzrespicio,2026-04-04,21:12:25,-07:00,2026-04-04T21:12:25-07:00,2,21
index.html,11,html,8b864cff,romanzrespicio,2026-04-04,21:12:25,-07:00,2026-04-04T21:12:25-07:00,2,391
index.html,12,html,8b864cff,romanzrespicio,2026-04-04,21:12:25,-07:00,2026-04-04T21:12:25-07:00,2,376
index.html,13,html,8b864cff,romanzrespicio,2026-04-04,21:12:25,-07:00,2026-04-04T21:12:25-07:00,2,45
index.html,14,html,8625bf41,romanzrespicio,2026-04-24,21:37:38,-07:00,2026-04-24T21:37:38-07:00,2,22
index.html,15,html,8625bf41,romanzrespicio,2026-04-24,21:37:38,-07:00,2026-04-24T21:37:38-07:00,2,26
index.html,16,html,8625bf41,romanzrespicio,2026-04-24,21:37:38,-07:00,2026-04-24T21:37:38-07:00,2,22
index.html,17,html,8625bf41,romanzrespicio,2026-04-24,21:37:38,-07:00,2026-04-24T21:37:38-07:00,2,28
index.html,18,html,7568652b,romanzrespicio,2026-04-15,17:44:40,-07:00,2026-04-15T17:44:40-07:00,2,45
index.html,19,html,8625bf41,romanzrespicio,2026-04-24,21:37:38,-07:00,2026-04-24T21:37:38-07:00,2,50
index.html,20,html,978a718e,romanzrespicio,2026-04-04,20:31:10,-07:00,2026-04-04T20:31:10-07:00,0,5
index.html,21,html,978a718e,romanzrespicio,2026-04-04,20:31:10,-07:00,2026-04-04T20:31:10-07:00,0,5
global.js,1,js,7568652b,romanzrespicio,2026-04-15,17:44:40,-07:00,2026-04-15T17:44:40-07:00,0,26
global.js,2,js,7568652b,romanzrespicio,2026-04-15,17:44:40,-07:00,2026-04-15T17:44:40-07:00,0,0
global.js,3,js,7568652b,romanzrespicio,2026-04-15,17:44:40,-07:00,2026-04-15T17:44:40-07:00,0,41
global.js,4,js,7568652b,romanzrespicio,2026-04-15,17:44:40,-07:00,2026-04-15T17:44:40-07:00,1,52
global.js,5,js,7568652b,romanzrespicio,2026-04-15,17:44:40,-07:00,2026-04-15T17:44:40-07:00,0,0
global.js,6,js,7568652b,romanzrespicio,2026-04-15,17:44:40,-07:00,2026-04-15T17:44:40-07:00,0,0
global.js,7,js,8625bf41,romanzrespicio,2026-04-24,21:37:38,-07:00,2026-04-24T21:37:38-07:00,0,36
global.js,8,js,8625bf41,romanzrespicio,2026-04-24,21:37:38,-07:00,2026-04-24T21:37:38-07:00,1,3
global.js,9,js,8625bf41,romanzrespicio,2026-04-24,21:37:38,-07:00,2026-04-24T21:37:38-07:00,2,39
global.js,10,js,8625bf41,romanzrespicio,2026-04-24,21:37:38,-07:00,2026-04-24T21:37:38-07:00,2,32
global.js,11,js,8625bf41,romanzrespicio,2026-04-24,21:37:38,-07:00,2026-04-24T21:37:38-07:00,0,0
global.js,12,js,8625bf41,romanzrespicio,2026-04-24,21:37:38,-07:00,2026-04-24T21:37:38-07:00,2,14
global.js,13,js,8625bf41,romanzrespicio,2026-04-24,21:37:38,-07:00,2026-04-24T21:37:38-07:00,2,17
global.js,14,js,8625bf41,romanzrespicio,2026-04-24,21:37:38,-07:00,2026-04-24T21:37:38-07:00,3,66
global.js,15,js,8625bf41,romanzrespicio,2026-04-24,21:37:38,-07:00,2026-04-24T21:37:38-07:00,2,0
global.js,16,js,8625bf41,romanzrespicio,2026-04-24,21:37:38,-07:00,2026-04-24T21:37:38-07:00,0,0
global.js,17,js,8625bf41,romanzrespicio,2026-04-24,21:37:38,-07:00,2026-04-24T21:37:38-07:00,2,15
global.js,18,js,8625bf41,romanzrespicio,2026-04-24,21:37:38,-07:00,2026-04-24T21:37:38-07:00,2,33
global.js,19,js,8625bf41,romanzrespicio,2026-04-24,21:37:38,-07:00,2026-04-24T21:37:38-07:00,2,10
global.js,20,js,8625bf41,romanzrespicio,2026-04-24,21:37:38,-07:00,2026-04-24T21:37:38-07:00,1,15
global.js,21,js,8625bf41,romanzrespicio,2026-04-24,21:37:38,-07:00,2026-04-24T21:37:38-07:00,2,59
global.js,22,js,29e4a57c,romanzrespicio,2026-04-24,21:41:55,-07:00,2026-04-24T21:41:55-07:00,2,10
global.js,23,js,8625bf41,romanzrespicio,2026-04-24,21:37:38,-07:00,2026-04-24T21:37:38-07:00,1,0
global.js,24,js,8625bf41,romanzrespicio,2026-04-24,21:37:38,-07:00,2026-04-24T21:37:38-07:00,0,0
global.js,25,js,8625bf41,romanzrespicio,2026-04-24,21:37:38,-07:00,2026-04-24T21:37:38-07:00,0,0
global.js,26,js,8625bf41,romanzrespicio,2026-04-24,21:37:38,-07:00,2026-04-24T21:37:38-07:00,0,47
global.js,27,js,8625bf41,romanzrespicio,2026-04-24,21:37:38,-07:00,2026-04-24T21:37:38-07:00,1,59
global.js,28,js,8625bf41,romanzrespicio,2026-04-24,21:37:38,-07:00,2026-04-24T21:37:38-07:00,0,0
global.js,29,js,8625bf41,romanzrespicio,2026-04-24,21:37:38,-07:00,2026-04-24T21:37:38-07:00,0,0
global.js,30,js,8625bf41,romanzrespicio,2026-04-24,21:37:38,-07:00,2026-04-24T21:37:38-07:00,0,78
global.js,31,js,8625bf41,romanzrespicio,2026-04-24,21:37:38,-07:00,2026-04-24T21:37:38-07:00,1,30
global.js,32,js,8625bf41,romanzrespicio,2026-04-24,21:37:38,-07:00,2026-04-24T21:37:38-07:00,0,0
global.js,33,js,8625bf41,romanzrespicio,2026-04-24,21:37:38,-07:00,2026-04-24T21:37:38-07:00,1,24
global.js,34,js,8625bf41,romanzrespicio,2026-04-24,21:37:38,-07:00,2026-04-24T21:37:38-07:00,2,48
global.js,35,js,8625bf41,romanzrespicio,2026-04-24,21:37:38,-07:00,2026-04-24T21:37:38-07:00,0,0
global.js,36,js,6d010172,romanzrespicio,2026-04-24,21:57:16,-07:00,2026-04-24T21:57:16-07:00,2,42
global.js,37,js,6d010172,romanzrespicio,2026-04-24,21:57:16,-07:00,2026-04-24T21:57:16-07:00,3,7
global.js,38,js,6d010172,romanzrespicio,2026-04-24,21:57:16,-07:00,2026-04-24T21:57:16-07:00,3,36
global.js,39,js,6d010172,romanzrespicio,2026-04-24,21:57:16,-07:00,2026-04-24T21:57:16-07:00,5,30
global.js,40,js,6d010172,romanzrespicio,2026-04-24,21:57:16,-07:00,2026-04-24T21:57:16-07:00,5,22
global.js,41,js,6d010172,romanzrespicio,2026-04-24,21:57:16,-07:00,2026-04-24T21:57:16-07:00,0,0
global.js,42,js,1b1d4c59,romanzrespicio,2026-05-01,16:26:49,-07:00,2026-05-01T16:26:49-07:00,2,14
global.js,43,js,1b1d4c59,romanzrespicio,2026-05-01,16:26:49,-07:00,2026-05-01T16:26:49-07:00,3,29
global.js,44,js,1b1d4c59,romanzrespicio,2026-05-01,16:26:49,-07:00,2026-05-01T16:26:49-07:00,4,122
global.js,45,js,1b1d4c59,romanzrespicio,2026-05-01,16:26:49,-07:00,2026-05-01T16:26:49-07:00,4,3
global.js,46,js,1b1d4c59,romanzrespicio,2026-05-01,16:26:49,-07:00,2026-05-01T16:26:49-07:00,0,0
global.js,47,js,8625bf41,romanzrespicio,2026-04-24,21:37:38,-07:00,2026-04-24T21:37:38-07:00,2,19
global.js,48,js,8625bf41,romanzrespicio,2026-04-24,21:37:38,-07:00,2026-04-24T21:37:38-07:00,3,43
global.js,49,js,6d010172,romanzrespicio,2026-04-24,21:57:16,-07:00,2026-04-24T21:57:16-07:00,3,38
global.js,50,js,1b1d4c59,romanzrespicio,2026-05-01,16:26:49,-07:00,2026-05-01T16:26:49-07:00,3,24
global.js,51,js,1b1d4c59,romanzrespicio,2026-05-01,16:26:49,-07:00,2026-05-01T16:26:49-07:00,4,21
global.js,52,js,1b1d4c59,romanzrespicio,2026-05-01,16:26:49,-07:00,2026-05-01T16:26:49-07:00,4,9
global.js,53,js,1b1d4c59,romanzrespicio,2026-05-01,16:26:49,-07:00,2026-05-01T16:26:49-07:00,3,4
global.js,54,js,8625bf41,romanzrespicio,2026-04-24,21:37:38,-07:00,2026-04-24T21:37:38-07:00,2,0
global.js,55,js,8625bf41,romanzrespicio,2026-04-24,21:37:38,-07:00,2026-04-24T21:37:38-07:00,0,0
global.js,56,js,8625bf41,romanzrespicio,2026-04-24,21:37:38,-07:00,2026-04-24T21:37:38-07:00,2,36
global.js,57,js,8625bf41,romanzrespicio,2026-04-24,21:37:38,-07:00,2026-04-24T21:37:38-07:00,1,0
global.js,58,js,8625bf41,romanzrespicio,2026-04-24,21:37:38,-07:00,2026-04-24T21:37:38-07:00,0,0
global.js,59,js,8625bf41,romanzrespicio,2026-04-24,21:37:38,-07:00,2026-04-24T21:37:38-07:00,0,0
global.js,60,js,7568652b,romanzrespicio,2026-04-15,17:44:40,-07:00,2026-04-15T17:44:40-07:00,0,15
global.js,61,js,7568652b,romanzrespicio,2026-04-15,17:44:40,-07:00,2026-04-15T17:44:40-07:00,1,68
global.js,62,js,7568652b,romanzrespicio,2026-04-15,17:44:40,-07:00,2026-04-15T17:44:40-07:00,2,3
global.js,63,js,7568652b,romanzrespicio,2026-04-15,17:44:40,-07:00,2026-04-15T17:44:40-07:00,2,14
global.js,64,js,7568652b,romanzrespicio,2026-04-15,17:44:40,-07:00,2026-04-15T17:44:40-07:00,0,0
global.js,65,js,7568652b,romanzrespicio,2026-04-15,17:44:40,-07:00,2026-04-15T17:44:40-07:00,0,13
global.js,66,js,7568652b,romanzrespicio,2026-04-15,17:44:40,-07:00,2026-04-15T17:44:40-07:00,1,25
global.js,67,js,7568652b,romanzrespicio,2026-04-15,17:44:40,-07:00,2026-04-15T17:44:40-07:00,1,34
global.js,68,js,7568652b,romanzrespicio,2026-04-15,17:44:40,-07:00,2026-04-15T17:44:40-07:00,1,38
global.js,69,js,7568652b,romanzrespicio,2026-04-15,17:44:40,-07:00,2026-04-15T17:44:40-07:00,1,36
global.js,70,js,00000000,Not Committed Yet,2026-05-09,22:50:26,-07:00,2026-05-09T22:50:26-07:00,1,30
global.js,71,js,7568652b,romanzrespicio,2026-04-15,17:44:40,-07:00,2026-04-15T17:44:40-07:00,1,60
global.js,72,js,7568652b,romanzrespicio,2026-04-15,17:44:40,-07:00,2026-04-15T17:44:40-07:00,0,0
global.js,73,js,7568652b,romanzrespicio,2026-04-15,17:44:40,-07:00,2026-04-15T17:44:40-07:00,0,0
global.js,74,js,7568652b,romanzrespicio,2026-04-15,17:44:40,-07:00,2026-04-15T17:44:40-07:00,0,40
global.js,75,js,7568652b,romanzrespicio,2026-04-15,17:44:40,-07:00,2026-04-15T17:44:40-07:00,0,25
global.js,76,js,7568652b,romanzrespicio,2026-04-15,17:44:40,-07:00,2026-04-15T17:44:40-07:00,0,0
global.js,77,js,7568652b,romanzrespicio,2026-04-15,17:44:40,-07:00,2026-04-15T17:44:40-07:00,0,22
global.js,78,js,7568652b,romanzrespicio,2026-04-15,17:44:40,-07:00,2026-04-15T17:44:40-07:00,1,14
global.js,79,js,7568652b,romanzrespicio,2026-04-15,17:44:40,-07:00,2026-04-15T17:44:40-07:00,1,52
global.js,80,js,7568652b,romanzrespicio,2026-04-15,17:44:40,-07:00,2026-04-15T17:44:40-07:00,0,0
global.js,81,js,7568652b,romanzrespicio,2026-04-15,17:44:40,-07:00,2026-04-15T17:44:40-07:00,1,36
global.js,82,js,7568652b,romanzrespicio,2026-04-15,17:44:40,-07:00,2026-04-15T17:44:40-07:00,1,11
global.js,83,js,7568652b,romanzrespicio,2026-04-15,17:44:40,-07:00,2026-04-15T17:44:40-07:00,1,22
global.js,84,js,7568652b,romanzrespicio,2026-04-15,17:44:40,-07:00,2026-04-15T17:44:40-07:00,0,0
global.js,85,js,7568652b,romanzrespicio,2026-04-15,17:44:40,-07:00,2026-04-15T17:44:40-07:00,1,17
global.js,86,js,7568652b,romanzrespicio,2026-04-15,17:44:40,-07:00,2026-04-15T17:44:40-07:00,2,8
global.js,87,js,7568652b,romanzrespicio,2026-04-15,17:44:40,-07:00,2026-04-15T17:44:40-07:00,2,59
global.js,88,js,7568652b,romanzrespicio,2026-04-15,17:44:40,-07:00,2026-04-15T17:44:40-07:00,1,0
global.js,89,js,7568652b,romanzrespicio,2026-04-15,17:44:40,-07:00,2026-04-15T17:44:40-07:00,0,0
global.js,90,js,7568652b,romanzrespicio,2026-04-15,17:44:40,-07:00,2026-04-15T17:44:40-07:00,1,29
global.js,91,js,7568652b,romanzrespicio,2026-04-15,17:44:40,-07:00,2026-04-15T17:44:40-07:00,2,18
global.js,92,js,7568652b,romanzrespicio,2026-04-15,17:44:40,-07:00,2026-04-15T17:44:40-07:00,2,28
global.js,93,js,7568652b,romanzrespicio,2026-04-15,17:44:40,-07:00,2026-04-15T17:44:40-07:00,1,0
global.js,94,js,7568652b,romanzrespicio,2026-04-15,17:44:40,-07:00,2026-04-15T17:44:40-07:00,0,0
global.js,95,js,7568652b,romanzrespicio,2026-04-15,17:44:40,-07:00,2026-04-15T17:44:40-07:00,1,12
global.js,96,js,7568652b,romanzrespicio,2026-04-15,17:44:40,-07:00,2026-04-15T17:44:40-07:00,0,0
global.js,97,js,7568652b,romanzrespicio,2026-04-15,17:44:40,-07:00,2026-04-15T17:44:40-07:00,0,0
global.js,98,js,7568652b,romanzrespicio,2026-04-15,17:44:40,-07:00,2026-04-15T17:44:40-07:00,0,31
global.js,99,js,7568652b,romanzrespicio,2026-04-15,17:44:40,-07:00,2026-04-15T17:44:40-07:00,1,11
global.js,100,js,7568652b,romanzrespicio,2026-04-15,17:44:40,-07:00,2026-04-15T17:44:40-07:00,1,155
global.js,101,js,7568652b,romanzrespicio,2026-04-15,17:44:40,-07:00,2026-04-15T17:44:40-07:00,3,4
global.js,102,js,7568652b,romanzrespicio,2026-04-15,17:44:40,-07:00,2026-04-15T17:44:40-07:00,3,6
global.js,103,js,7568652b,romanzrespicio,2026-04-15,17:44:40,-07:00,2026-04-15T17:44:40-07:00,4,43
global.js,104,js,7568652b,romanzrespicio,2026-04-15,17:44:40,-07:00,2026-04-15T17:44:40-07:00,4,34
global.js,105,js,7568652b,romanzrespicio,2026-04-15,17:44:40,-07:00,2026-04-15T17:44:40-07:00,4,32
global.js,106,js,7568652b,romanzrespicio,2026-04-15,17:44:40,-07:00,2026-04-15T17:44:40-07:00,3,7
global.js,107,js,7568652b,romanzrespicio,2026-04-15,17:44:40,-07:00,2026-04-15T17:44:40-07:00,2,8
global.js,108,js,7568652b,romanzrespicio,2026-04-15,17:44:40,-07:00,2026-04-15T17:44:40-07:00,0,0
global.js,109,js,7568652b,romanzrespicio,2026-04-15,17:44:40,-07:00,2026-04-15T17:44:40-07:00,0,0
global.js,110,js,7568652b,romanzrespicio,2026-04-15,17:44:40,-07:00,2026-04-15T17:44:40-07:00,0,65
global.js,111,js,7568652b,romanzrespicio,2026-04-15,17:44:40,-07:00,2026-04-15T17:44:40-07:00,0,0
global.js,112,js,7568652b,romanzrespicio,2026-04-15,17:44:40,-07:00,2026-04-15T17:44:40-07:00,0,36
global.js,113,js,7568652b,romanzrespicio,2026-04-15,17:44:40,-07:00,2026-04-15T17:44:40-07:00,1,70
global.js,114,js,7568652b,romanzrespicio,2026-04-15,17:44:40,-07:00,2026-04-15T17:44:40-07:00,1,16
global.js,115,js,7568652b,romanzrespicio,2026-04-15,17:44:40,-07:00,2026-04-15T17:44:40-07:00,2,30
global.js,116,js,7568652b,romanzrespicio,2026-04-15,17:44:40,-07:00,2026-04-15T17:44:40-07:00,1,0
global.js,117,js,7568652b,romanzrespicio,2026-04-15,17:44:40,-07:00,2026-04-15T17:44:40-07:00,0,0
global.js,118,js,7568652b,romanzrespicio,2026-04-15,17:44:40,-07:00,2026-04-15T17:44:40-07:00,0,0
global.js,119,js,7568652b,romanzrespicio,2026-04-15,17:44:40,-07:00,2026-04-15T17:44:40-07:00,0,34
global.js,120,js,7568652b,romanzrespicio,2026-04-15,17:44:40,-07:00,2026-04-15T17:44:40-07:00,1,39
global.js,121,js,7568652b,romanzrespicio,2026-04-15,17:44:40,-07:00,2026-04-15T17:44:40-07:00,0,0
global.js,122,js,7568652b,romanzrespicio,2026-04-15,17:44:40,-07:00,2026-04-15T17:44:40-07:00,0,0
global.js,123,js,7568652b,romanzrespicio,2026-04-15,17:44:40,-07:00,2026-04-15T17:44:40-07:00,0,49
global.js,124,js,7568652b,romanzrespicio,2026-04-15,17:44:40,-07:00,2026-04-15T17:44:40-07:00,1,57
global.js,125,js,7568652b,romanzrespicio,2026-04-15,17:44:40,-07:00,2026-04-15T17:44:40-07:00,1,33
global.js,126,js,7568652b,romanzrespicio,2026-04-15,17:44:40,-07:00,2026-04-15T17:44:40-07:00,1,44
global.js,127,js,7568652b,romanzrespicio,2026-04-15,17:44:40,-07:00,2026-04-15T17:44:40-07:00,0,1
global.js,128,js,7568652b,romanzrespicio,2026-04-15,17:44:40,-07:00,2026-04-15T17:44:40-07:00,0,0
global.js,129,js,7568652b,romanzrespicio,2026-04-15,17:44:40,-07:00,2026-04-15T17:44:40-07:00,0,65
global.js,130,js,7568652b,romanzrespicio,2026-04-15,17:44:40,-07:00,2026-04-15T17:44:40-07:00,0,47
global.js,131,js,7568652b,romanzrespicio,2026-04-15,17:44:40,-07:00,2026-04-15T17:44:40-07:00,1,21
global.js,132,js,7568652b,romanzrespicio,2026-04-15,17:44:40,-07:00,2026-04-15T17:44:40-07:00,1,24
global.js,133,js,7568652b,romanzrespicio,2026-04-15,17:44:40,-07:00,2026-04-15T17:44:40-07:00,1,30
global.js,134,js,7568652b,romanzrespicio,2026-04-15,17:44:40,-07:00,2026-04-15T17:44:40-07:00,1,16
global.js,135,js,7568652b,romanzrespicio,2026-04-15,17:44:40,-07:00,2026-04-15T17:44:40-07:00,1,33
global.js,136,js,7568652b,romanzrespicio,2026-04-15,17:44:40,-07:00,2026-04-15T17:44:40-07:00,2,10
global.js,137,js,7568652b,romanzrespicio,2026-04-15,17:44:40,-07:00,2026-04-15T17:44:40-07:00,3,57
global.js,138,js,7568652b,romanzrespicio,2026-04-15,17:44:40,-07:00,2026-04-15T17:44:40-07:00,2,0
global.js,139,js,7568652b,romanzrespicio,2026-04-15,17:44:40,-07:00,2026-04-15T17:44:40-07:00,1,0
global.js,140,js,7568652b,romanzrespicio,2026-04-15,17:44:40,-07:00,2026-04-15T17:44:40-07:00,1,47
global.js,141,js,7568652b,romanzrespicio,2026-04-15,17:44:40,-07:00,2026-04-15T17:44:40-07:00,1,18
global.js,142,js,7568652b,romanzrespicio,2026-04-15,17:44:40,-07:00,2026-04-15T17:44:40-07:00,0,1
resume/index.html,1,html,8b864cff,romanzrespicio,2026-04-04,21:12:25,-07:00,2026-04-04T21:12:25-07:00,0,13
resume/index.html,2,html,8b864cff,romanzrespicio,2026-04-04,21:12:25,-07:00,2026-04-04T21:12:25-07:00,0,14
resume/index.html,3,html,8b864cff,romanzrespicio,2026-04-04,21:12:25,-07:00,2026-04-04T21:12:25-07:00,0,4
resume/index.html,4,html,8b864cff,romanzrespicio,2026-04-04,21:12:25,-07:00,2026-04-04T21:12:25-07:00,2,20
resume/index.html,5,html,8b864cff,romanzrespicio,2026-04-04,21:12:25,-07:00,2026-04-04T21:12:25-07:00,2,68
resume/index.html,6,html,e70fd314,romanzrespicio,2026-04-11,20:04:58,-07:00,2026-04-11T20:04:58-07:00,2,36
resume/index.html,7,html,e70fd314,romanzrespicio,2026-04-11,20:04:58,-07:00,2026-04-11T20:04:58-07:00,2,41
resume/index.html,8,html,8b864cff,romanzrespicio,2026-04-04,21:12:25,-07:00,2026-04-04T21:12:25-07:00,0,5
resume/index.html,9,html,8b864cff,romanzrespicio,2026-04-04,21:12:25,-07:00,2026-04-04T21:12:25-07:00,0,0
resume/index.html,10,html,e70fd314,romanzrespicio,2026-04-11,20:04:58,-07:00,2026-04-11T20:04:58-07:00,0,19
resume/index.html,11,html,e70fd314,romanzrespicio,2026-04-11,20:04:58,-07:00,2026-04-11T20:04:58-07:00,2,24
resume/index.html,12,html,e70fd314,romanzrespicio,2026-04-11,20:04:58,-07:00,2026-04-11T20:04:58-07:00,4,28
resume/index.html,13,html,e70fd314,romanzrespicio,2026-04-11,20:04:58,-07:00,2026-04-11T20:04:58-07:00,6,21
resume/index.html,14,html,e70fd314,romanzrespicio,2026-04-11,20:04:58,-07:00,2026-04-11T20:04:58-07:00,6,166
resume/index.html,15,html,0163845f,romanzrespicio,2026-04-11,20:09:44,-07:00,2026-04-11T20:09:44-07:00,6,169
resume/index.html,16,html,e70fd314,romanzrespicio,2026-04-11,20:04:58,-07:00,2026-04-11T20:04:58-07:00,4,7
resume/index.html,17,html,e70fd314,romanzrespicio,2026-04-11,20:04:58,-07:00,2026-04-11T20:04:58-07:00,0,0
resume/index.html,18,html,e70fd314,romanzrespicio,2026-04-11,20:04:58,-07:00,2026-04-11T20:04:58-07:00,4,30
resume/index.html,19,html,e70fd314,romanzrespicio,2026-04-11,20:04:58,-07:00,2026-04-11T20:04:58-07:00,6,16
resume/index.html,20,html,e70fd314,romanzrespicio,2026-04-11,20:04:58,-07:00,2026-04-11T20:04:58-07:00,0,0
resume/index.html,21,html,e70fd314,romanzrespicio,2026-04-11,20:04:58,-07:00,2026-04-11T20:04:58-07:00,6,28
resume/index.html,22,html,e70fd314,romanzrespicio,2026-04-11,20:04:58,-07:00,2026-04-11T20:04:58-07:00,8,42
resume/index.html,23,html,0163845f,romanzrespicio,2026-04-11,20:09:44,-07:00,2026-04-11T20:09:44-07:00,8,37
resume/index.html,24,html,0163845f,romanzrespicio,2026-04-11,20:09:44,-07:00,2026-04-11T20:09:44-07:00,8,44
resume/index.html,25,html,0163845f,romanzrespicio,2026-04-11,20:09:44,-07:00,2026-04-11T20:09:44-07:00,8,93
resume/index.html,26,html,0163845f,romanzrespicio,2026-04-11,20:09:44,-07:00,2026-04-11T20:09:44-07:00,8,75
resume/index.html,27,html,0163845f,romanzrespicio,2026-04-11,20:09:44,-07:00,2026-04-11T20:09:44-07:00,8,42
resume/index.html,28,html,e70fd314,romanzrespicio,2026-04-11,20:04:58,-07:00,2026-04-11T20:04:58-07:00,0,0
resume/index.html,29,html,e70fd314,romanzrespicio,2026-04-11,20:04:58,-07:00,2026-04-11T20:04:58-07:00,8,26
resume/index.html,30,html,0163845f,romanzrespicio,2026-04-11,20:09:44,-07:00,2026-04-11T20:09:44-07:00,8,155
resume/index.html,31,html,e70fd314,romanzrespicio,2026-04-11,20:04:58,-07:00,2026-04-11T20:04:58-07:00,6,8
resume/index.html,32,html,e70fd314,romanzrespicio,2026-04-11,20:04:58,-07:00,2026-04-11T20:04:58-07:00,4,8
resume/index.html,33,html,e70fd314,romanzrespicio,2026-04-11,20:04:58,-07:00,2026-04-11T20:04:58-07:00,0,0
resume/index.html,34,html,e70fd314,romanzrespicio,2026-04-11,20:04:58,-07:00,2026-04-11T20:04:58-07:00,4,30
resume/index.html,35,html,e70fd314,romanzrespicio,2026-04-11,20:04:58,-07:00,2026-04-11T20:04:58-07:00,6,15
resume/index.html,36,html,e70fd314,romanzrespicio,2026-04-11,20:04:58,-07:00,2026-04-11T20:04:58-07:00,0,0
resume/index.html,37,html,e70fd314,romanzrespicio,2026-04-11,20:04:58,-07:00,2026-04-11T20:04:58-07:00,6,28
resume/index.html,38,html,e70fd314,romanzrespicio,2026-04-11,20:04:58,-07:00,2026-04-11T20:04:58-07:00,8,51
resume/index.html,39,html,0163845f,romanzrespicio,2026-04-11,20:09:44,-07:00,2026-04-11T20:09:44-07:00,8,79
resume/index.html,40,html,0163845f,romanzrespicio,2026-04-11,20:09:44,-07:00,2026-04-11T20:09:44-07:00,8,144
resume/index.html,41,html,e70fd314,romanzrespicio,2026-04-11,20:04:58,-07:00,2026-04-11T20:04:58-07:00,0,0
resume/index.html,42,html,e70fd314,romanzrespicio,2026-04-11,20:04:58,-07:00,2026-04-11T20:04:58-07:00,8,2
resume/index.html,43,html,0163845f,romanzrespicio,2026-04-11,20:09:44,-07:00,2026-04-11T20:09:44-07:00,10,217
resume/index.html,44,html,0163845f,romanzrespicio,2026-04-11,20:09:44,-07:00,2026-04-11T20:09:44-07:00,10,190
resume/index.html,45,html,0163845f,romanzrespicio,2026-04-11,20:09:44,-07:00,2026-04-11T20:09:44-07:00,10,281
resume/index.html,46,html,0163845f,romanzrespicio,2026-04-11,20:09:44,-07:00,2026-04-11T20:09:44-07:00,10,166
resume/index.html,47,html,e70fd314,romanzrespicio,2026-04-11,20:04:58,-07:00,2026-04-11T20:04:58-07:00,8,3
resume/index.html,48,html,e70fd314,romanzrespicio,2026-04-11,20:04:58,-07:00,2026-04-11T20:04:58-07:00,6,8
resume/index.html,49,html,e70fd314,romanzrespicio,2026-04-11,20:04:58,-07:00,2026-04-11T20:04:58-07:00,4,8
resume/index.html,50,html,e70fd314,romanzrespicio,2026-04-11,20:04:58,-07:00,2026-04-11T20:04:58-07:00,0,0
resume/index.html,51,html,e70fd314,romanzrespicio,2026-04-11,20:04:58,-07:00,2026-04-11T20:04:58-07:00,4,30
resume/index.html,52,html,e70fd314,romanzrespicio,2026-04-11,20:04:58,-07:00,2026-04-11T20:04:58-07:00,6,22
resume/index.html,53,html,e70fd314,romanzrespicio,2026-04-11,20:04:58,-07:00,2026-04-11T20:04:58-07:00,0,0
resume/index.html,54,html,e70fd314,romanzrespicio,2026-04-11,20:04:58,-07:00,2026-04-11T20:04:58-07:00,6,28
resume/index.html,55,html,e70fd314,romanzrespicio,2026-04-11,20:04:58,-07:00,2026-04-11T20:04:58-07:00,8,27
resume/index.html,56,html,0163845f,romanzrespicio,2026-04-11,20:09:44,-07:00,2026-04-11T20:09:44-07:00,8,37
resume/index.html,57,html,0163845f,romanzrespicio,2026-04-11,20:09:44,-07:00,2026-04-11T20:09:44-07:00,8,81
resume/index.html,58,html,e70fd314,romanzrespicio,2026-04-11,20:04:58,-07:00,2026-04-11T20:04:58-07:00,8,76
resume/index.html,59,html,e70fd314,romanzrespicio,2026-04-11,20:04:58,-07:00,2026-04-11T20:04:58-07:00,0,0
resume/index.html,60,html,e70fd314,romanzrespicio,2026-04-11,20:04:58,-07:00,2026-04-11T20:04:58-07:00,8,2
resume/index.html,61,html,0163845f,romanzrespicio,2026-04-11,20:09:44,-07:00,2026-04-11T20:09:44-07:00,10,249
resume/index.html,62,html,0163845f,romanzrespicio,2026-04-11,20:09:44,-07:00,2026-04-11T20:09:44-07:00,10,133
resume/index.html,63,html,0163845f,romanzrespicio,2026-04-11,20:09:44,-07:00,2026-04-11T20:09:44-07:00,10,233
resume/index.html,64,html,0163845f,romanzrespicio,2026-04-11,20:09:44,-07:00,2026-04-11T20:09:44-07:00,10,206
resume/index.html,65,html,e70fd314,romanzrespicio,2026-04-11,20:04:58,-07:00,2026-04-11T20:04:58-07:00,8,3
resume/index.html,66,html,e70fd314,romanzrespicio,2026-04-11,20:04:58,-07:00,2026-04-11T20:04:58-07:00,6,8
resume/index.html,67,html,e70fd314,romanzrespicio,2026-04-11,20:04:58,-07:00,2026-04-11T20:04:58-07:00,0,0
resume/index.html,68,html,e70fd314,romanzrespicio,2026-04-11,20:04:58,-07:00,2026-04-11T20:04:58-07:00,6,28
resume/index.html,69,html,e70fd314,romanzrespicio,2026-04-11,20:04:58,-07:00,2026-04-11T20:04:58-07:00,8,17
resume/index.html,70,html,0163845f,romanzrespicio,2026-04-11,20:09:44,-07:00,2026-04-11T20:09:44-07:00,8,37
resume/index.html,71,html,e70fd314,romanzrespicio,2026-04-11,20:04:58,-07:00,2026-04-11T20:04:58-07:00,8,73
resume/index.html,72,html,e70fd314,romanzrespicio,2026-04-11,20:04:58,-07:00,2026-04-11T20:04:58-07:00,8,113
resume/index.html,73,html,e70fd314,romanzrespicio,2026-04-11,20:04:58,-07:00,2026-04-11T20:04:58-07:00,0,0
resume/index.html,74,html,e70fd314,romanzrespicio,2026-04-11,20:04:58,-07:00,2026-04-11T20:04:58-07:00,8,2
resume/index.html,75,html,0163845f,romanzrespicio,2026-04-11,20:09:44,-07:00,2026-04-11T20:09:44-07:00,10,192
resume/index.html,76,html,0163845f,romanzrespicio,2026-04-11,20:09:44,-07:00,2026-04-11T20:09:44-07:00,10,208
resume/index.html,77,html,0163845f,romanzrespicio,2026-04-11,20:09:44,-07:00,2026-04-11T20:09:44-07:00,10,157
resume/index.html,78,html,0163845f,romanzrespicio,2026-04-11,20:09:44,-07:00,2026-04-11T20:09:44-07:00,10,156
resume/index.html,79,html,e70fd314,romanzrespicio,2026-04-11,20:04:58,-07:00,2026-04-11T20:04:58-07:00,8,3
resume/index.html,80,html,e70fd314,romanzrespicio,2026-04-11,20:04:58,-07:00,2026-04-11T20:04:58-07:00,6,8
resume/index.html,81,html,e70fd314,romanzrespicio,2026-04-11,20:04:58,-07:00,2026-04-11T20:04:58-07:00,4,8
resume/index.html,82,html,e70fd314,romanzrespicio,2026-04-11,20:04:58,-07:00,2026-04-11T20:04:58-07:00,0,0
resume/index.html,83,html,e70fd314,romanzrespicio,2026-04-11,20:04:58,-07:00,2026-04-11T20:04:58-07:00,4,30
resume/index.html,84,html,e70fd314,romanzrespicio,2026-04-11,20:04:58,-07:00,2026-04-11T20:04:58-07:00,6,23
resume/index.html,85,html,e70fd314,romanzrespicio,2026-04-11,20:04:58,-07:00,2026-04-11T20:04:58-07:00,0,0
resume/index.html,86,html,0163845f,romanzrespicio,2026-04-11,20:09:44,-07:00,2026-04-11T20:09:44-07:00,6,48
resume/index.html,87,html,0163845f,romanzrespicio,2026-04-11,20:09:44,-07:00,2026-04-11T20:09:44-07:00,8,110
resume/index.html,88,html,0163845f,romanzrespicio,2026-04-11,20:09:44,-07:00,2026-04-11T20:09:44-07:00,8,123
resume/index.html,89,html,0163845f,romanzrespicio,2026-04-11,20:09:44,-07:00,2026-04-11T20:09:44-07:00,8,128
resume/index.html,90,html,0163845f,romanzrespicio,2026-04-11,20:09:44,-07:00,2026-04-11T20:09:44-07:00,8,107
resume/index.html,91,html,0163845f,romanzrespicio,2026-04-11,20:09:44,-07:00,2026-04-11T20:09:44-07:00,8,119
resume/index.html,92,html,e70fd314,romanzrespicio,2026-04-11,20:04:58,-07:00,2026-04-11T20:04:58-07:00,6,3
resume/index.html,93,html,e70fd314,romanzrespicio,2026-04-11,20:04:58,-07:00,2026-04-11T20:04:58-07:00,4,8
resume/index.html,94,html,e70fd314,romanzrespicio,2026-04-11,20:04:58,-07:00,2026-04-11T20:04:58-07:00,0,0
resume/index.html,95,html,e70fd314,romanzrespicio,2026-04-11,20:04:58,-07:00,2026-04-11T20:04:58-07:00,4,30
resume/index.html,96,html,e70fd314,romanzrespicio,2026-04-11,20:04:58,-07:00,2026-04-11T20:04:58-07:00,6,17
resume/index.html,97,html,e70fd314,romanzrespicio,2026-04-11,20:04:58,-07:00,2026-04-11T20:04:58-07:00,0,0
resume/index.html,98,html,e70fd314,romanzrespicio,2026-04-11,20:04:58,-07:00,2026-04-11T20:04:58-07:00,6,50
resume/index.html,99,html,e70fd314,romanzrespicio,2026-04-11,20:04:58,-07:00,2026-04-11T20:04:58-07:00,8,16
resume/index.html,100,html,0163845f,romanzrespicio,2026-04-11,20:09:44,-07:00,2026-04-11T20:09:44-07:00,8,52
resume/index.html,101,html,e70fd314,romanzrespicio,2026-04-11,20:04:58,-07:00,2026-04-11T20:04:58-07:00,6,8
resume/index.html,102,html,e70fd314,romanzrespicio,2026-04-11,20:04:58,-07:00,2026-04-11T20:04:58-07:00,0,0
resume/index.html,103,html,e70fd314,romanzrespicio,2026-04-11,20:04:58,-07:00,2026-04-11T20:04:58-07:00,6,50
resume/index.html,104,html,e70fd314,romanzrespicio,2026-04-11,20:04:58,-07:00,2026-04-11T20:04:58-07:00,8,13
resume/index.html,105,html,e70fd314,romanzrespicio,2026-04-11,20:04:58,-07:00,2026-04-11T20:04:58-07:00,8,27
resume/index.html,106,html,e70fd314,romanzrespicio,2026-04-11,20:04:58,-07:00,2026-04-11T20:04:58-07:00,6,8
resume/index.html,107,html,e70fd314,romanzrespicio,2026-04-11,20:04:58,-07:00,2026-04-11T20:04:58-07:00,4,8
resume/index.html,108,html,e70fd314,romanzrespicio,2026-04-11,20:04:58,-07:00,2026-04-11T20:04:58-07:00,2,5
resume/index.html,109,html,7568652b,romanzrespicio,2026-04-15,17:44:40,-07:00,2026-04-15T17:44:40-07:00,2,48
resume/index.html,110,html,8b864cff,romanzrespicio,2026-04-04,21:12:25,-07:00,2026-04-04T21:12:25-07:00,0,5
resume/index.html,111,html,e70fd314,romanzrespicio,2026-04-11,20:04:58,-07:00,2026-04-11T20:04:58-07:00,0,5
projects/projects.js,1,js,1b1d4c59,romanzrespicio,2026-05-01,16:26:49,-07:00,2026-05-01T16:26:49-07:00,0,63
projects/projects.js,2,js,8625bf41,romanzrespicio,2026-04-24,21:37:38,-07:00,2026-04-24T21:37:38-07:00,0,55
projects/projects.js,3,js,8625bf41,romanzrespicio,2026-04-24,21:37:38,-07:00,2026-04-24T21:37:38-07:00,0,0
projects/projects.js,4,js,1b1d4c59,romanzrespicio,2026-05-01,16:26:49,-07:00,2026-05-01T16:26:49-07:00,0,13
projects/projects.js,5,js,1b1d4c59,romanzrespicio,2026-05-01,16:26:49,-07:00,2026-05-01T16:26:49-07:00,0,22
projects/projects.js,6,js,1b1d4c59,romanzrespicio,2026-05-01,16:26:49,-07:00,2026-05-01T16:26:49-07:00,0,0
projects/projects.js,7,js,1b1d4c59,romanzrespicio,2026-05-01,16:26:49,-07:00,2026-05-01T16:26:49-07:00,0,43
projects/projects.js,8,js,1b1d4c59,romanzrespicio,2026-05-01,16:26:49,-07:00,2026-05-01T16:26:49-07:00,1,38
projects/projects.js,9,js,1b1d4c59,romanzrespicio,2026-05-01,16:26:49,-07:00,2026-05-01T16:26:49-07:00,1,7
projects/projects.js,10,js,1b1d4c59,romanzrespicio,2026-05-01,16:26:49,-07:00,2026-05-01T16:26:49-07:00,2,14
projects/projects.js,11,js,1b1d4c59,romanzrespicio,2026-05-01,16:26:49,-07:00,2026-05-01T16:26:49-07:00,1,0
projects/projects.js,12,js,1b1d4c59,romanzrespicio,2026-05-01,16:26:49,-07:00,2026-05-01T16:26:49-07:00,1,35
projects/projects.js,13,js,1b1d4c59,romanzrespicio,2026-05-01,16:26:49,-07:00,2026-05-01T16:26:49-07:00,2,33
projects/projects.js,14,js,1b1d4c59,romanzrespicio,2026-05-01,16:26:49,-07:00,2026-05-01T16:26:49-07:00,3,39
projects/projects.js,15,js,1b1d4c59,romanzrespicio,2026-05-01,16:26:49,-07:00,2026-05-01T16:26:49-07:00,3,9
projects/projects.js,16,js,1b1d4c59,romanzrespicio,2026-05-01,16:26:49,-07:00,2026-05-01T16:26:49-07:00,3,13
projects/projects.js,17,js,1b1d4c59,romanzrespicio,2026-05-01,16:26:49,-07:00,2026-05-01T16:26:49-07:00,2,22
projects/projects.js,18,js,1b1d4c59,romanzrespicio,2026-05-01,16:26:49,-07:00,2026-05-01T16:26:49-07:00,1,1
projects/projects.js,19,js,1b1d4c59,romanzrespicio,2026-05-01,16:26:49,-07:00,2026-05-01T16:26:49-07:00,0,0
projects/projects.js,20,js,1b1d4c59,romanzrespicio,2026-05-01,16:26:49,-07:00,2026-05-01T16:26:49-07:00,0,0
projects/projects.js,21,js,1b1d4c59,romanzrespicio,2026-05-01,16:26:49,-07:00,2026-05-01T16:26:49-07:00,0,38
projects/projects.js,22,js,1b1d4c59,romanzrespicio,2026-05-01,16:26:49,-07:00,2026-05-01T16:26:49-07:00,1,76
projects/projects.js,23,js,1b1d4c59,romanzrespicio,2026-05-01,16:26:49,-07:00,2026-05-01T16:26:49-07:00,1,14
projects/projects.js,24,js,1b1d4c59,romanzrespicio,2026-05-01,16:26:49,-07:00,2026-05-01T16:26:49-07:00,2,12
projects/projects.js,25,js,1b1d4c59,romanzrespicio,2026-05-01,16:26:49,-07:00,2026-05-01T16:26:49-07:00,3,79
projects/projects.js,26,js,1b1d4c59,romanzrespicio,2026-05-01,16:26:49,-07:00,2026-05-01T16:26:49-07:00,2,0
projects/projects.js,27,js,1b1d4c59,romanzrespicio,2026-05-01,16:26:49,-07:00,2026-05-01T16:26:49-07:00,2,5
projects/projects.js,28,js,1b1d4c59,romanzrespicio,2026-05-01,16:26:49,-07:00,2026-05-01T16:26:49-07:00,1,0
projects/projects.js,29,js,1b1d4c59,romanzrespicio,2026-05-01,16:26:49,-07:00,2026-05-01T16:26:49-07:00,0,0
projects/projects.js,30,js,1b1d4c59,romanzrespicio,2026-05-01,16:26:49,-07:00,2026-05-01T16:26:49-07:00,1,30
projects/projects.js,31,js,1b1d4c59,romanzrespicio,2026-05-01,16:26:49,-07:00,2026-05-01T16:26:49-07:00,1,34
projects/projects.js,32,js,1b1d4c59,romanzrespicio,2026-05-01,16:26:49,-07:00,2026-05-01T16:26:49-07:00,1,59
projects/projects.js,33,js,1b1d4c59,romanzrespicio,2026-05-01,16:26:49,-07:00,2026-05-01T16:26:49-07:00,1,49
projects/projects.js,34,js,1b1d4c59,romanzrespicio,2026-05-01,16:26:49,-07:00,2026-05-01T16:26:49-07:00,0,0
projects/projects.js,35,js,1b1d4c59,romanzrespicio,2026-05-01,16:26:49,-07:00,2026-05-01T16:26:49-07:00,1,76
projects/projects.js,36,js,1b1d4c59,romanzrespicio,2026-05-01,16:26:49,-07:00,2026-05-01T16:26:49-07:00,1,28
projects/projects.js,37,js,1b1d4c59,romanzrespicio,2026-05-01,16:26:49,-07:00,2026-05-01T16:26:49-07:00,2,7
projects/projects.js,38,js,1b1d4c59,romanzrespicio,2026-05-01,16:26:49,-07:00,2026-05-01T16:26:49-07:00,2,14
projects/projects.js,39,js,1b1d4c59,romanzrespicio,2026-05-01,16:26:49,-07:00,2026-05-01T16:26:49-07:00,2,12
projects/projects.js,40,js,1b1d4c59,romanzrespicio,2026-05-01,16:26:49,-07:00,2026-05-01T16:26:49-07:00,1,0
projects/projects.js,41,js,1b1d4c59,romanzrespicio,2026-05-01,16:26:49,-07:00,2026-05-01T16:26:49-07:00,1,53
projects/projects.js,42,js,1b1d4c59,romanzrespicio,2026-05-01,16:26:49,-07:00,2026-05-01T16:26:49-07:00,0,0
projects/projects.js,43,js,1b1d4c59,romanzrespicio,2026-05-01,16:26:49,-07:00,2026-05-01T16:26:49-07:00,1,47
projects/projects.js,44,js,1b1d4c59,romanzrespicio,2026-05-01,16:26:49,-07:00,2026-05-01T16:26:49-07:00,2,11
projects/projects.js,45,js,1b1d4c59,romanzrespicio,2026-05-01,16:26:49,-07:00,2026-05-01T16:26:49-07:00,2,18
projects/projects.js,46,js,1b1d4c59,romanzrespicio,2026-05-01,16:26:49,-07:00,2026-05-01T16:26:49-07:00,1,2
projects/projects.js,47,js,1b1d4c59,romanzrespicio,2026-05-01,16:26:49,-07:00,2026-05-01T16:26:49-07:00,0,0
projects/projects.js,48,js,1b1d4c59,romanzrespicio,2026-05-01,16:26:49,-07:00,2026-05-01T16:26:49-07:00,1,22
projects/projects.js,49,js,1b1d4c59,romanzrespicio,2026-05-01,16:26:49,-07:00,2026-05-01T16:26:49-07:00,2,30
projects/projects.js,50,js,1b1d4c59,romanzrespicio,2026-05-01,16:26:49,-07:00,2026-05-01T16:26:49-07:00,2,1
projects/projects.js,51,js,1b1d4c59,romanzrespicio,2026-05-01,16:26:49,-07:00,2026-05-01T16:26:49-07:00,3,16
projects/projects.js,52,js,1b1d4c59,romanzrespicio,2026-05-01,16:26:49,-07:00,2026-05-01T16:26:49-07:00,3,11
projects/projects.js,53,js,1b1d4c59,romanzrespicio,2026-05-01,16:26:49,-07:00,2026-05-01T16:26:49-07:00,3,12
projects/projects.js,54,js,1b1d4c59,romanzrespicio,2026-05-01,16:26:49,-07:00,2026-05-01T16:26:49-07:00,3,19
projects/projects.js,55,js,1b1d4c59,romanzrespicio,2026-05-01,16:26:49,-07:00,2026-05-01T16:26:49-07:00,3,28
projects/projects.js,56,js,1b1d4c59,romanzrespicio,2026-05-01,16:26:49,-07:00,2026-05-01T16:26:49-07:00,4,22
projects/projects.js,57,js,1b1d4c59,romanzrespicio,2026-05-01,16:26:49,-07:00,2026-05-01T16:26:49-07:00,4,42
projects/projects.js,58,js,1b1d4c59,romanzrespicio,2026-05-01,16:26:49,-07:00,2026-05-01T16:26:49-07:00,4,57
projects/projects.js,59,js,1b1d4c59,romanzrespicio,2026-05-01,16:26:49,-07:00,2026-05-01T16:26:49-07:00,4,37
projects/projects.js,60,js,1b1d4c59,romanzrespicio,2026-05-01,16:26:49,-07:00,2026-05-01T16:26:49-07:00,4,31
projects/projects.js,61,js,1b1d4c59,romanzrespicio,2026-05-01,16:26:49,-07:00,2026-05-01T16:26:49-07:00,3,0
projects/projects.js,62,js,1b1d4c59,romanzrespicio,2026-05-01,16:26:49,-07:00,2026-05-01T16:26:49-07:00,3,8
projects/projects.js,63,js,1b1d4c59,romanzrespicio,2026-05-01,16:26:49,-07:00,2026-05-01T16:26:49-07:00,2,5
projects/projects.js,64,js,1b1d4c59,romanzrespicio,2026-05-01,16:26:49,-07:00,2026-05-01T16:26:49-07:00,1,0
projects/projects.js,65,js,1b1d4c59,romanzrespicio,2026-05-01,16:26:49,-07:00,2026-05-01T16:26:49-07:00,0,0
projects/projects.js,66,js,1b1d4c59,romanzrespicio,2026-05-01,16:26:49,-07:00,2026-05-01T16:26:49-07:00,1,63
projects/projects.js,67,js,1b1d4c59,romanzrespicio,2026-05-01,16:26:49,-07:00,2026-05-01T16:26:49-07:00,1,35
projects/projects.js,68,js,1b1d4c59,romanzrespicio,2026-05-01,16:26:49,-07:00,2026-05-01T16:26:49-07:00,0,0
projects/projects.js,69,js,1b1d4c59,romanzrespicio,2026-05-01,16:26:49,-07:00,2026-05-01T16:26:49-07:00,1,32
projects/projects.js,70,js,1b1d4c59,romanzrespicio,2026-05-01,16:26:49,-07:00,2026-05-01T16:26:49-07:00,1,39
projects/projects.js,71,js,1b1d4c59,romanzrespicio,2026-05-01,16:26:49,-07:00,2026-05-01T16:26:49-07:00,2,27
projects/projects.js,72,js,1b1d4c59,romanzrespicio,2026-05-01,16:26:49,-07:00,2026-05-01T16:26:49-07:00,3,41
projects/projects.js,73,js,1b1d4c59,romanzrespicio,2026-05-01,16:26:49,-07:00,2026-05-01T16:26:49-07:00,4,23
projects/projects.js,74,js,1b1d4c59,romanzrespicio,2026-05-01,16:26:49,-07:00,2026-05-01T16:26:49-07:00,4,19
projects/projects.js,75,js,1b1d4c59,romanzrespicio,2026-05-01,16:26:49,-07:00,2026-05-01T16:26:49-07:00,3,1
projects/projects.js,76,js,1b1d4c59,romanzrespicio,2026-05-01,16:26:49,-07:00,2026-05-01T16:26:49-07:00,2,0
projects/projects.js,77,js,1b1d4c59,romanzrespicio,2026-05-01,16:26:49,-07:00,2026-05-01T16:26:49-07:00,1,1
projects/projects.js,78,js,1b1d4c59,romanzrespicio,2026-05-01,16:26:49,-07:00,2026-05-01T16:26:49-07:00,0,0
projects/projects.js,79,js,1b1d4c59,romanzrespicio,2026-05-01,16:26:49,-07:00,2026-05-01T16:26:49-07:00,1,1
projects/projects.js,80,js,1b1d4c59,romanzrespicio,2026-05-01,16:26:49,-07:00,2026-05-01T16:26:49-07:00,2,16
projects/projects.js,81,js,1b1d4c59,romanzrespicio,2026-05-01,16:26:49,-07:00,2026-05-01T16:26:49-07:00,2,33
projects/projects.js,82,js,1b1d4c59,romanzrespicio,2026-05-01,16:26:49,-07:00,2026-05-01T16:26:49-07:00,2,4
projects/projects.js,83,js,1b1d4c59,romanzrespicio,2026-05-01,16:26:49,-07:00,2026-05-01T16:26:49-07:00,3,8
projects/projects.js,84,js,1b1d4c59,romanzrespicio,2026-05-01,16:26:49,-07:00,2026-05-01T16:26:49-07:00,4,3
projects/projects.js,85,js,1b1d4c59,romanzrespicio,2026-05-01,16:26:49,-07:00,2026-05-01T16:26:49-07:00,5,13
projects/projects.js,86,js,1b1d4c59,romanzrespicio,2026-05-01,16:26:49,-07:00,2026-05-01T16:26:49-07:00,5,18
projects/projects.js,87,js,1b1d4c59,romanzrespicio,2026-05-01,16:26:49,-07:00,2026-05-01T16:26:49-07:00,6,62
projects/projects.js,88,js,1b1d4c59,romanzrespicio,2026-05-01,16:26:49,-07:00,2026-05-01T16:26:49-07:00,5,0
projects/projects.js,89,js,1b1d4c59,romanzrespicio,2026-05-01,16:26:49,-07:00,2026-05-01T16:26:49-07:00,5,37
projects/projects.js,90,js,1b1d4c59,romanzrespicio,2026-05-01,16:26:49,-07:00,2026-05-01T16:26:49-07:00,5,17
projects/projects.js,91,js,1b1d4c59,romanzrespicio,2026-05-01,16:26:49,-07:00,2026-05-01T16:26:49-07:00,5,22
projects/projects.js,92,js,1b1d4c59,romanzrespicio,2026-05-01,16:26:49,-07:00,2026-05-01T16:26:49-07:00,5,26
projects/projects.js,93,js,1b1d4c59,romanzrespicio,2026-05-01,16:26:49,-07:00,2026-05-01T16:26:49-07:00,5,18
projects/projects.js,94,js,1b1d4c59,romanzrespicio,2026-05-01,16:26:49,-07:00,2026-05-01T16:26:49-07:00,6,42
projects/projects.js,95,js,1b1d4c59,romanzrespicio,2026-05-01,16:26:49,-07:00,2026-05-01T16:26:49-07:00,6,57
projects/projects.js,96,js,1b1d4c59,romanzrespicio,2026-05-01,16:26:49,-07:00,2026-05-01T16:26:49-07:00,6,49
projects/projects.js,97,js,1b1d4c59,romanzrespicio,2026-05-01,16:26:49,-07:00,2026-05-01T16:26:49-07:00,5,0
projects/projects.js,98,js,1b1d4c59,romanzrespicio,2026-05-01,16:26:49,-07:00,2026-05-01T16:26:49-07:00,5,12
projects/projects.js,99,js,1b1d4c59,romanzrespicio,2026-05-01,16:26:49,-07:00,2026-05-01T16:26:49-07:00,6,1
projects/projects.js,100,js,1b1d4c59,romanzrespicio,2026-05-01,16:26:49,-07:00,2026-05-01T16:26:49-07:00,7,11
projects/projects.js,101,js,1b1d4c59,romanzrespicio,2026-05-01,16:26:49,-07:00,2026-05-01T16:26:49-07:00,7,12
projects/projects.js,102,js,1b1d4c59,romanzrespicio,2026-05-01,16:26:49,-07:00,2026-05-01T16:26:49-07:00,7,22
projects/projects.js,103,js,1b1d4c59,romanzrespicio,2026-05-01,16:26:49,-07:00,2026-05-01T16:26:49-07:00,7,28
projects/projects.js,104,js,1b1d4c59,romanzrespicio,2026-05-01,16:26:49,-07:00,2026-05-01T16:26:49-07:00,8,42
projects/projects.js,105,js,1b1d4c59,romanzrespicio,2026-05-01,16:26:49,-07:00,2026-05-01T16:26:49-07:00,8,52
projects/projects.js,106,js,1b1d4c59,romanzrespicio,2026-05-01,16:26:49,-07:00,2026-05-01T16:26:49-07:00,8,32
projects/projects.js,107,js,1b1d4c59,romanzrespicio,2026-05-01,16:26:49,-07:00,2026-05-01T16:26:49-07:00,8,31
projects/projects.js,108,js,1b1d4c59,romanzrespicio,2026-05-01,16:26:49,-07:00,2026-05-01T16:26:49-07:00,7,1
projects/projects.js,109,js,1b1d4c59,romanzrespicio,2026-05-01,16:26:49,-07:00,2026-05-01T16:26:49-07:00,5,0
projects/projects.js,110,js,1b1d4c59,romanzrespicio,2026-05-01,16:26:49,-07:00,2026-05-01T16:26:49-07:00,3,9
projects/projects.js,111,js,1b1d4c59,romanzrespicio,2026-05-01,16:26:49,-07:00,2026-05-01T16:26:49-07:00,4,4
projects/projects.js,112,js,1b1d4c59,romanzrespicio,2026-05-01,16:26:49,-07:00,2026-05-01T16:26:49-07:00,5,18
projects/projects.js,113,js,1b1d4c59,romanzrespicio,2026-05-01,16:26:49,-07:00,2026-05-01T16:26:49-07:00,6,62
projects/projects.js,114,js,1b1d4c59,romanzrespicio,2026-05-01,16:26:49,-07:00,2026-05-01T16:26:49-07:00,5,0
projects/projects.js,115,js,1b1d4c59,romanzrespicio,2026-05-01,16:26:49,-07:00,2026-05-01T16:26:49-07:00,5,37
projects/projects.js,116,js,1b1d4c59,romanzrespicio,2026-05-01,16:26:49,-07:00,2026-05-01T16:26:49-07:00,5,22
projects/projects.js,117,js,1b1d4c59,romanzrespicio,2026-05-01,16:26:49,-07:00,2026-05-01T16:26:49-07:00,5,26
projects/projects.js,118,js,1b1d4c59,romanzrespicio,2026-05-01,16:26:49,-07:00,2026-05-01T16:26:49-07:00,5,12
projects/projects.js,119,js,1b1d4c59,romanzrespicio,2026-05-01,16:26:49,-07:00,2026-05-01T16:26:49-07:00,6,1
projects/projects.js,120,js,1b1d4c59,romanzrespicio,2026-05-01,16:26:49,-07:00,2026-05-01T16:26:49-07:00,7,11
projects/projects.js,121,js,1b1d4c59,romanzrespicio,2026-05-01,16:26:49,-07:00,2026-05-01T16:26:49-07:00,7,12
projects/projects.js,122,js,1b1d4c59,romanzrespicio,2026-05-01,16:26:49,-07:00,2026-05-01T16:26:49-07:00,7,22
projects/projects.js,123,js,1b1d4c59,romanzrespicio,2026-05-01,16:26:49,-07:00,2026-05-01T16:26:49-07:00,7,28
projects/projects.js,124,js,1b1d4c59,romanzrespicio,2026-05-01,16:26:49,-07:00,2026-05-01T16:26:49-07:00,8,33
projects/projects.js,125,js,1b1d4c59,romanzrespicio,2026-05-01,16:26:49,-07:00,2026-05-01T16:26:49-07:00,8,38
projects/projects.js,126,js,1b1d4c59,romanzrespicio,2026-05-01,16:26:49,-07:00,2026-05-01T16:26:49-07:00,8,15
projects/projects.js,127,js,1b1d4c59,romanzrespicio,2026-05-01,16:26:49,-07:00,2026-05-01T16:26:49-07:00,9,62
projects/projects.js,128,js,1b1d4c59,romanzrespicio,2026-05-01,16:26:49,-07:00,2026-05-01T16:26:49-07:00,9,2
projects/projects.js,129,js,1b1d4c59,romanzrespicio,2026-05-01,16:26:49,-07:00,2026-05-01T16:26:49-07:00,8,32
projects/projects.js,130,js,1b1d4c59,romanzrespicio,2026-05-01,16:26:49,-07:00,2026-05-01T16:26:49-07:00,8,31
projects/projects.js,131,js,1b1d4c59,romanzrespicio,2026-05-01,16:26:49,-07:00,2026-05-01T16:26:49-07:00,7,1
projects/projects.js,132,js,1b1d4c59,romanzrespicio,2026-05-01,16:26:49,-07:00,2026-05-01T16:26:49-07:00,5,0
projects/projects.js,133,js,1b1d4c59,romanzrespicio,2026-05-01,16:26:49,-07:00,2026-05-01T16:26:49-07:00,3,7
projects/projects.js,134,js,1b1d4c59,romanzrespicio,2026-05-01,16:26:49,-07:00,2026-05-01T16:26:49-07:00,4,2
projects/projects.js,135,js,1b1d4c59,romanzrespicio,2026-05-01,16:26:49,-07:00,2026-05-01T16:26:49-07:00,5,11
projects/projects.js,136,js,1b1d4c59,romanzrespicio,2026-05-01,16:26:49,-07:00,2026-05-01T16:26:49-07:00,5,12
projects/projects.js,137,js,1b1d4c59,romanzrespicio,2026-05-01,16:26:49,-07:00,2026-05-01T16:26:49-07:00,5,19
projects/projects.js,138,js,1b1d4c59,romanzrespicio,2026-05-01,16:26:49,-07:00,2026-05-01T16:26:49-07:00,5,28
projects/projects.js,139,js,1b1d4c59,romanzrespicio,2026-05-01,16:26:49,-07:00,2026-05-01T16:26:49-07:00,6,42
projects/projects.js,140,js,1b1d4c59,romanzrespicio,2026-05-01,16:26:49,-07:00,2026-05-01T16:26:49-07:00,6,57
projects/projects.js,141,js,1b1d4c59,romanzrespicio,2026-05-01,16:26:49,-07:00,2026-05-01T16:26:49-07:00,6,37
projects/projects.js,142,js,1b1d4c59,romanzrespicio,2026-05-01,16:26:49,-07:00,2026-05-01T16:26:49-07:00,6,31
projects/projects.js,143,js,1b1d4c59,romanzrespicio,2026-05-01,16:26:49,-07:00,2026-05-01T16:26:49-07:00,5,0
projects/projects.js,144,js,1b1d4c59,romanzrespicio,2026-05-01,16:26:49,-07:00,2026-05-01T16:26:49-07:00,5,8
projects/projects.js,145,js,1b1d4c59,romanzrespicio,2026-05-01,16:26:49,-07:00,2026-05-01T16:26:49-07:00,2,0
projects/projects.js,146,js,1b1d4c59,romanzrespicio,2026-05-01,16:26:49,-07:00,2026-05-01T16:26:49-07:00,0,0
projects/projects.js,147,js,1b1d4c59,romanzrespicio,2026-05-01,16:26:49,-07:00,2026-05-01T16:26:49-07:00,1,4
projects/projects.js,148,js,1b1d4c59,romanzrespicio,2026-05-01,16:26:49,-07:00,2026-05-01T16:26:49-07:00,2,14
projects/projects.js,149,js,1b1d4c59,romanzrespicio,2026-05-01,16:26:49,-07:00,2026-05-01T16:26:49-07:00,2,25
projects/projects.js,150,js,1b1d4c59,romanzrespicio,2026-05-01,16:26:49,-07:00,2026-05-01T16:26:49-07:00,2,4
projects/projects.js,151,js,1b1d4c59,romanzrespicio,2026-05-01,16:26:49,-07:00,2026-05-01T16:26:49-07:00,3,8
projects/projects.js,152,js,1b1d4c59,romanzrespicio,2026-05-01,16:26:49,-07:00,2026-05-01T16:26:49-07:00,4,3
projects/projects.js,153,js,1b1d4c59,romanzrespicio,2026-05-01,16:26:49,-07:00,2026-05-01T16:26:49-07:00,5,11
projects/projects.js,154,js,1b1d4c59,romanzrespicio,2026-05-01,16:26:49,-07:00,2026-05-01T16:26:49-07:00,5,27
projects/projects.js,155,js,1b1d4c59,romanzrespicio,2026-05-01,16:26:49,-07:00,2026-05-01T16:26:49-07:00,5,32
projects/projects.js,156,js,1b1d4c59,romanzrespicio,2026-05-01,16:26:49,-07:00,2026-05-01T16:26:49-07:00,5,18
projects/projects.js,157,js,1b1d4c59,romanzrespicio,2026-05-01,16:26:49,-07:00,2026-05-01T16:26:49-07:00,5,19
projects/projects.js,158,js,1b1d4c59,romanzrespicio,2026-05-01,16:26:49,-07:00,2026-05-01T16:26:49-07:00,6,62
projects/projects.js,159,js,1b1d4c59,romanzrespicio,2026-05-01,16:26:49,-07:00,2026-05-01T16:26:49-07:00,5,0
projects/projects.js,160,js,1b1d4c59,romanzrespicio,2026-05-01,16:26:49,-07:00,2026-05-01T16:26:49-07:00,5,4
projects/projects.js,161,js,1b1d4c59,romanzrespicio,2026-05-01,16:26:49,-07:00,2026-05-01T16:26:49-07:00,6,4
projects/projects.js,162,js,1b1d4c59,romanzrespicio,2026-05-01,16:26:49,-07:00,2026-05-01T16:26:49-07:00,7,62
projects/projects.js,163,js,1b1d4c59,romanzrespicio,2026-05-01,16:26:49,-07:00,2026-05-01T16:26:49-07:00,5,0
projects/projects.js,164,js,1b1d4c59,romanzrespicio,2026-05-01,16:26:49,-07:00,2026-05-01T16:26:49-07:00,5,12
projects/projects.js,165,js,1b1d4c59,romanzrespicio,2026-05-01,16:26:49,-07:00,2026-05-01T16:26:49-07:00,6,71
projects/projects.js,166,js,1b1d4c59,romanzrespicio,2026-05-01,16:26:49,-07:00,2026-05-01T16:26:49-07:00,5,0
projects/projects.js,167,js,1b1d4c59,romanzrespicio,2026-05-01,16:26:49,-07:00,2026-05-01T16:26:49-07:00,3,9
projects/projects.js,168,js,1b1d4c59,romanzrespicio,2026-05-01,16:26:49,-07:00,2026-05-01T16:26:49-07:00,4,4
projects/projects.js,169,js,1b1d4c59,romanzrespicio,2026-05-01,16:26:49,-07:00,2026-05-01T16:26:49-07:00,5,19
projects/projects.js,170,js,1b1d4c59,romanzrespicio,2026-05-01,16:26:49,-07:00,2026-05-01T16:26:49-07:00,6,62
projects/projects.js,171,js,1b1d4c59,romanzrespicio,2026-05-01,16:26:49,-07:00,2026-05-01T16:26:49-07:00,5,0
projects/projects.js,172,js,1b1d4c59,romanzrespicio,2026-05-01,16:26:49,-07:00,2026-05-01T16:26:49-07:00,5,4
projects/projects.js,173,js,1b1d4c59,romanzrespicio,2026-05-01,16:26:49,-07:00,2026-05-01T16:26:49-07:00,6,4
projects/projects.js,174,js,1b1d4c59,romanzrespicio,2026-05-01,16:26:49,-07:00,2026-05-01T16:26:49-07:00,7,62
projects/projects.js,175,js,1b1d4c59,romanzrespicio,2026-05-01,16:26:49,-07:00,2026-05-01T16:26:49-07:00,5,0
projects/projects.js,176,js,1b1d4c59,romanzrespicio,2026-05-01,16:26:49,-07:00,2026-05-01T16:26:49-07:00,3,7
projects/projects.js,177,js,1b1d4c59,romanzrespicio,2026-05-01,16:26:49,-07:00,2026-05-01T16:26:49-07:00,4,59
projects/projects.js,178,js,1b1d4c59,romanzrespicio,2026-05-01,16:26:49,-07:00,2026-05-01T16:26:49-07:00,2,0
projects/projects.js,179,js,1b1d4c59,romanzrespicio,2026-05-01,16:26:49,-07:00,2026-05-01T16:26:49-07:00,0,0
projects/projects.js,180,js,1b1d4c59,romanzrespicio,2026-05-01,16:26:49,-07:00,2026-05-01T16:26:49-07:00,1,38
projects/projects.js,181,js,1b1d4c59,romanzrespicio,2026-05-01,16:26:49,-07:00,2026-05-01T16:26:49-07:00,1,49
projects/projects.js,182,js,1b1d4c59,romanzrespicio,2026-05-01,16:26:49,-07:00,2026-05-01T16:26:49-07:00,0,0
projects/projects.js,183,js,1b1d4c59,romanzrespicio,2026-05-01,16:26:49,-07:00,2026-05-01T16:26:49-07:00,1,43
projects/projects.js,184,js,1b1d4c59,romanzrespicio,2026-05-01,16:26:49,-07:00,2026-05-01T16:26:49-07:00,2,29
projects/projects.js,185,js,1b1d4c59,romanzrespicio,2026-05-01,16:26:49,-07:00,2026-05-01T16:26:49-07:00,2,43
projects/projects.js,186,js,1b1d4c59,romanzrespicio,2026-05-01,16:26:49,-07:00,2026-05-01T16:26:49-07:00,2,19
projects/projects.js,187,js,1b1d4c59,romanzrespicio,2026-05-01,16:26:49,-07:00,2026-05-01T16:26:49-07:00,1,1
projects/projects.js,188,js,1b1d4c59,romanzrespicio,2026-05-01,16:26:49,-07:00,2026-05-01T16:26:49-07:00,0,0
projects/projects.js,189,js,1b1d4c59,romanzrespicio,2026-05-01,16:26:49,-07:00,2026-05-01T16:26:49-07:00,1,54
projects/projects.js,190,js,1b1d4c59,romanzrespicio,2026-05-01,16:26:49,-07:00,2026-05-01T16:26:49-07:00,2,24
projects/projects.js,191,js,1b1d4c59,romanzrespicio,2026-05-01,16:26:49,-07:00,2026-05-01T16:26:49-07:00,2,43
projects/projects.js,192,js,1b1d4c59,romanzrespicio,2026-05-01,16:26:49,-07:00,2026-05-01T16:26:49-07:00,2,19
projects/projects.js,193,js,1b1d4c59,romanzrespicio,2026-05-01,16:26:49,-07:00,2026-05-01T16:26:49-07:00,1,1
projects/projects.js,194,js,1b1d4c59,romanzrespicio,2026-05-01,16:26:49,-07:00,2026-05-01T16:26:49-07:00,0,0
projects/projects.js,195,js,1b1d4c59,romanzrespicio,2026-05-01,16:26:49,-07:00,2026-05-01T16:26:49-07:00,1,1
projects/projects.js,196,js,1b1d4c59,romanzrespicio,2026-05-01,16:26:49,-07:00,2026-05-01T16:26:49-07:00,2,16
projects/projects.js,197,js,1b1d4c59,romanzrespicio,2026-05-01,16:26:49,-07:00,2026-05-01T16:26:49-07:00,2,7
projects/projects.js,198,js,1b1d4c59,romanzrespicio,2026-05-01,16:26:49,-07:00,2026-05-01T16:26:49-07:00,3,9
projects/projects.js,199,js,1b1d4c59,romanzrespicio,2026-05-01,16:26:49,-07:00,2026-05-01T16:26:49-07:00,3,68
projects/projects.js,200,js,1b1d4c59,romanzrespicio,2026-05-01,16:26:49,-07:00,2026-05-01T16:26:49-07:00,2,0
projects/projects.js,201,js,1b1d4c59,romanzrespicio,2026-05-01,16:26:49,-07:00,2026-05-01T16:26:49-07:00,0,0
projects/projects.js,202,js,1b1d4c59,romanzrespicio,2026-05-01,16:26:49,-07:00,2026-05-01T16:26:49-07:00,1,4
projects/projects.js,203,js,1b1d4c59,romanzrespicio,2026-05-01,16:26:49,-07:00,2026-05-01T16:26:49-07:00,2,24
projects/projects.js,204,js,1b1d4c59,romanzrespicio,2026-05-01,16:26:49,-07:00,2026-05-01T16:26:49-07:00,2,7
projects/projects.js,205,js,1b1d4c59,romanzrespicio,2026-05-01,16:26:49,-07:00,2026-05-01T16:26:49-07:00,3,9
projects/projects.js,206,js,1b1d4c59,romanzrespicio,2026-05-01,16:26:49,-07:00,2026-05-01T16:26:49-07:00,3,63
projects/projects.js,207,js,1b1d4c59,romanzrespicio,2026-05-01,16:26:49,-07:00,2026-05-01T16:26:49-07:00,2,0
projects/projects.js,208,js,1b1d4c59,romanzrespicio,2026-05-01,16:26:49,-07:00,2026-05-01T16:26:49-07:00,0,0
projects/projects.js,209,js,1b1d4c59,romanzrespicio,2026-05-01,16:26:49,-07:00,2026-05-01T16:26:49-07:00,0,0
projects/projects.js,210,js,8625bf41,romanzrespicio,2026-04-24,21:37:38,-07:00,2026-04-24T21:37:38-07:00,0,60
projects/projects.js,211,js,8625bf41,romanzrespicio,2026-04-24,21:37:38,-07:00,2026-04-24T21:37:38-07:00,0,62
projects/projects.js,212,js,1b1d4c59,romanzrespicio,2026-05-01,16:26:49,-07:00,2026-05-01T16:26:49-07:00,0,53
projects/projects.js,213,js,1b1d4c59,romanzrespicio,2026-05-01,16:26:49,-07:00,2026-05-01T16:26:49-07:00,0,0
projects/projects.js,214,js,1b1d4c59,romanzrespicio,2026-05-01,16:26:49,-07:00,2026-05-01T16:26:49-07:00,0,19
projects/projects.js,215,js,1b1d4c59,romanzrespicio,2026-05-01,16:26:49,-07:00,2026-05-01T16:26:49-07:00,0,0
projects/projects.js,216,js,1b1d4c59,romanzrespicio,2026-05-01,16:26:49,-07:00,2026-05-01T16:26:49-07:00,0,30
projects/projects.js,217,js,1b1d4c59,romanzrespicio,2026-05-01,16:26:49,-07:00,2026-05-01T16:26:49-07:00,1,40
projects/projects.js,218,js,1b1d4c59,romanzrespicio,2026-05-01,16:26:49,-07:00,2026-05-01T16:26:49-07:00,0,0
projects/projects.js,219,js,1b1d4c59,romanzrespicio,2026-05-01,16:26:49,-07:00,2026-05-01T16:26:49-07:00,0,0
projects/projects.js,220,js,1b1d4c59,romanzrespicio,2026-05-01,16:26:49,-07:00,2026-05-01T16:26:49-07:00,0,25
projects/projects.js,221,js,1b1d4c59,romanzrespicio,2026-05-01,16:26:49,-07:00,2026-05-01T16:26:49-07:00,1,37
projects/projects.js,222,js,1b1d4c59,romanzrespicio,2026-05-01,16:26:49,-07:00,2026-05-01T16:26:49-07:00,1,25
projects/projects.js,223,js,1b1d4c59,romanzrespicio,2026-05-01,16:26:49,-07:00,2026-05-01T16:26:49-07:00,2,14
projects/projects.js,224,js,1b1d4c59,romanzrespicio,2026-05-01,16:26:49,-07:00,2026-05-01T16:26:49-07:00,1,0
projects/projects.js,225,js,1b1d4c59,romanzrespicio,2026-05-01,16:26:49,-07:00,2026-05-01T16:26:49-07:00,1,61
projects/projects.js,226,js,1b1d4c59,romanzrespicio,2026-05-01,16:26:49,-07:00,2026-05-01T16:26:49-07:00,0,0
projects/projects.js,227,js,1b1d4c59,romanzrespicio,2026-05-01,16:26:49,-07:00,2026-05-01T16:26:49-07:00,0,0
projects/projects.js,228,js,1b1d4c59,romanzrespicio,2026-05-01,16:26:49,-07:00,2026-05-01T16:26:49-07:00,0,26
projects/projects.js,229,js,1b1d4c59,romanzrespicio,2026-05-01,16:26:49,-07:00,2026-05-01T16:26:49-07:00,1,22
projects/projects.js,230,js,1b1d4c59,romanzrespicio,2026-05-01,16:26:49,-07:00,2026-05-01T16:26:49-07:00,0,0
projects/projects.js,231,js,1b1d4c59,romanzrespicio,2026-05-01,16:26:49,-07:00,2026-05-01T16:26:49-07:00,0,0
projects/projects.js,232,js,1b1d4c59,romanzrespicio,2026-05-01,16:26:49,-07:00,2026-05-01T16:26:49-07:00,0,29
projects/projects.js,233,js,1b1d4c59,romanzrespicio,2026-05-01,16:26:49,-07:00,2026-05-01T16:26:49-07:00,1,37
projects/projects.js,234,js,1b1d4c59,romanzrespicio,2026-05-01,16:26:49,-07:00,2026-05-01T16:26:49-07:00,1,2
projects/projects.js,235,js,1b1d4c59,romanzrespicio,2026-05-01,16:26:49,-07:00,2026-05-01T16:26:49-07:00,2,21
projects/projects.js,236,js,1b1d4c59,romanzrespicio,2026-05-01,16:26:49,-07:00,2026-05-01T16:26:49-07:00,2,52
projects/projects.js,237,js,1b1d4c59,romanzrespicio,2026-05-01,16:26:49,-07:00,2026-05-01T16:26:49-07:00,1,1
projects/projects.js,238,js,1b1d4c59,romanzrespicio,2026-05-01,16:26:49,-07:00,2026-05-01T16:26:49-07:00,2,18
projects/projects.js,239,js,1b1d4c59,romanzrespicio,2026-05-01,16:26:49,-07:00,2026-05-01T16:26:49-07:00,1,0
projects/projects.js,240,js,1b1d4c59,romanzrespicio,2026-05-01,16:26:49,-07:00,2026-05-01T16:26:49-07:00,0,0
projects/projects.js,241,js,1b1d4c59,romanzrespicio,2026-05-01,16:26:49,-07:00,2026-05-01T16:26:49-07:00,1,29
projects/projects.js,242,js,1b1d4c59,romanzrespicio,2026-05-01,16:26:49,-07:00,2026-05-01T16:26:49-07:00,1,52
projects/projects.js,243,js,1b1d4c59,romanzrespicio,2026-05-01,16:26:49,-07:00,2026-05-01T16:26:49-07:00,1,31
projects/projects.js,244,js,1b1d4c59,romanzrespicio,2026-05-01,16:26:49,-07:00,2026-05-01T16:26:49-07:00,1,44
projects/projects.js,245,js,1b1d4c59,romanzrespicio,2026-05-01,16:26:49,-07:00,2026-05-01T16:26:49-07:00,0,0
projects/projects.js,246,js,8625bf41,romanzrespicio,2026-04-24,21:37:38,-07:00,2026-04-24T21:37:38-07:00,0,0
projects/projects.js,247,js,29e4a57c,romanzrespicio,2026-04-24,21:41:55,-07:00,2026-04-24T21:41:55-07:00,0,3
projects/projects.js,248,js,1b1d4c59,romanzrespicio,2026-05-01,16:26:49,-07:00,2026-05-01T16:26:49-07:00,1,52
projects/projects.js,249,js,1b1d4c59,romanzrespicio,2026-05-01,16:26:49,-07:00,2026-05-01T16:26:49-07:00,0,0
projects/projects.js,250,js,1b1d4c59,romanzrespicio,2026-05-01,16:26:49,-07:00,2026-05-01T16:26:49-07:00,1,19
projects/projects.js,251,js,29e4a57c,romanzrespicio,2026-04-24,21:41:55,-07:00,2026-04-24T21:41:55-07:00,0,0
projects/projects.js,252,js,1b1d4c59,romanzrespicio,2026-05-01,16:26:49,-07:00,2026-05-01T16:26:49-07:00,1,33
projects/projects.js,253,js,1b1d4c59,romanzrespicio,2026-05-01,16:26:49,-07:00,2026-05-01T16:26:49-07:00,2,25
projects/projects.js,254,js,1b1d4c59,romanzrespicio,2026-05-01,16:26:49,-07:00,2026-05-01T16:26:49-07:00,2,19
projects/projects.js,255,js,1b1d4c59,romanzrespicio,2026-05-01,16:26:49,-07:00,2026-05-01T16:26:49-07:00,1,0
projects/projects.js,256,js,1b1d4c59,romanzrespicio,2026-05-01,16:26:49,-07:00,2026-05-01T16:26:49-07:00,1,54
projects/projects.js,257,js,1b1d4c59,romanzrespicio,2026-05-01,16:26:49,-07:00,2026-05-01T16:26:49-07:00,1,55
projects/projects.js,258,js,29e4a57c,romanzrespicio,2026-04-24,21:41:55,-07:00,2026-04-24T21:41:55-07:00,0,7
projects/projects.js,259,js,29e4a57c,romanzrespicio,2026-04-24,21:41:55,-07:00,2026-04-24T21:41:55-07:00,1,37
projects/projects.js,260,js,29e4a57c,romanzrespicio,2026-04-24,21:41:55,-07:00,2026-04-24T21:41:55-07:00,1,29
projects/projects.js,261,js,29e4a57c,romanzrespicio,2026-04-24,21:41:55,-07:00,2026-04-24T21:41:55-07:00,2,133
projects/projects.js,262,js,1b1d4c59,romanzrespicio,2026-05-01,16:26:49,-07:00,2026-05-01T16:26:49-07:00,1,76
projects/projects.js,263,js,1b1d4c59,romanzrespicio,2026-05-01,16:26:49,-07:00,2026-05-01T16:26:49-07:00,1,13
projects/projects.js,264,js,1b1d4c59,romanzrespicio,2026-05-01,16:26:49,-07:00,2026-05-01T16:26:49-07:00,2,45
projects/projects.js,265,js,1b1d4c59,romanzrespicio,2026-05-01,16:26:49,-07:00,2026-05-01T16:26:49-07:00,1,0
projects/projects.js,266,js,1b1d4c59,romanzrespicio,2026-05-01,16:26:49,-07:00,2026-05-01T16:26:49-07:00,1,44
projects/projects.js,267,js,29e4a57c,romanzrespicio,2026-04-24,21:41:55,-07:00,2026-04-24T21:41:55-07:00,0,0
projects/index.html,1,html,8b864cff,romanzrespicio,2026-04-04,21:12:25,-07:00,2026-04-04T21:12:25-07:00,0,13
projects/index.html,2,html,8b864cff,romanzrespicio,2026-04-04,21:12:25,-07:00,2026-04-04T21:12:25-07:00,0,14
projects/index.html,3,html,8b864cff,romanzrespicio,2026-04-04,21:12:25,-07:00,2026-04-04T21:12:25-07:00,0,4
projects/index.html,4,html,8b864cff,romanzrespicio,2026-04-04,21:12:25,-07:00,2026-04-04T21:12:25-07:00,2,20
projects/index.html,5,html,8b864cff,romanzrespicio,2026-04-04,21:12:25,-07:00,2026-04-04T21:12:25-07:00,2,68
projects/index.html,6,html,e70fd314,romanzrespicio,2026-04-11,20:04:58,-07:00,2026-04-11T20:04:58-07:00,2,38
projects/index.html,7,html,e70fd314,romanzrespicio,2026-04-11,20:04:58,-07:00,2026-04-11T20:04:58-07:00,2,41
projects/index.html,8,html,8b864cff,romanzrespicio,2026-04-04,21:12:25,-07:00,2026-04-04T21:12:25-07:00,0,5
projects/index.html,9,html,1b1d4c59,romanzrespicio,2026-05-01,16:26:49,-07:00,2026-05-01T16:26:49-07:00,0,26
projects/index.html,10,html,8625bf41,romanzrespicio,2026-04-24,21:37:38,-07:00,2026-04-24T21:37:38-07:00,2,41
projects/index.html,11,html,e70fd314,romanzrespicio,2026-04-11,20:04:58,-07:00,2026-04-11T20:04:58-07:00,0,0
projects/index.html,12,html,1b1d4c59,romanzrespicio,2026-05-01,16:26:49,-07:00,2026-05-01T16:26:49-07:00,2,21
projects/index.html,13,html,1b1d4c59,romanzrespicio,2026-05-01,16:26:49,-07:00,2026-05-01T16:26:49-07:00,3,2
projects/index.html,14,html,1b1d4c59,romanzrespicio,2026-05-01,16:26:49,-07:00,2026-05-01T16:26:49-07:00,4,16
projects/index.html,15,html,1b1d4c59,romanzrespicio,2026-05-01,16:26:49,-07:00,2026-05-01T16:26:49-07:00,4,23
projects/index.html,16,html,1b1d4c59,romanzrespicio,2026-05-01,16:26:49,-07:00,2026-05-01T16:26:49-07:00,4,33
projects/index.html,17,html,1b1d4c59,romanzrespicio,2026-05-01,16:26:49,-07:00,2026-05-01T16:26:49-07:00,4,8
projects/index.html,18,html,1b1d4c59,romanzrespicio,2026-05-01,16:26:49,-07:00,2026-05-01T16:26:49-07:00,4,25
projects/index.html,19,html,1b1d4c59,romanzrespicio,2026-05-01,16:26:49,-07:00,2026-05-01T16:26:49-07:00,3,5
projects/index.html,20,html,1b1d4c59,romanzrespicio,2026-05-01,16:26:49,-07:00,2026-05-01T16:26:49-07:00,3,22
projects/index.html,21,html,1b1d4c59,romanzrespicio,2026-05-01,16:26:49,-07:00,2026-05-01T16:26:49-07:00,2,4
projects/index.html,22,html,1b1d4c59,romanzrespicio,2026-05-01,16:26:49,-07:00,2026-05-01T16:26:49-07:00,0,0
projects/index.html,23,html,1b1d4c59,romanzrespicio,2026-05-01,16:26:49,-07:00,2026-05-01T16:26:49-07:00,2,4
projects/index.html,24,html,1b1d4c59,romanzrespicio,2026-05-01,16:26:49,-07:00,2026-05-01T16:26:49-07:00,3,15
projects/index.html,25,html,1b1d4c59,romanzrespicio,2026-05-01,16:26:49,-07:00,2026-05-01T16:26:49-07:00,3,11
projects/index.html,26,html,1b1d4c59,romanzrespicio,2026-05-01,16:26:49,-07:00,2026-05-01T16:26:49-07:00,3,26
projects/index.html,27,html,1b1d4c59,romanzrespicio,2026-05-01,16:26:49,-07:00,2026-05-01T16:26:49-07:00,3,33
projects/index.html,28,html,1b1d4c59,romanzrespicio,2026-05-01,16:26:49,-07:00,2026-05-01T16:26:49-07:00,2,0
projects/index.html,29,html,1b1d4c59,romanzrespicio,2026-05-01,16:26:49,-07:00,2026-05-01T16:26:49-07:00,0,0
projects/index.html,30,html,8625bf41,romanzrespicio,2026-04-24,21:37:38,-07:00,2026-04-24T21:37:38-07:00,2,26
projects/index.html,31,html,e70fd314,romanzrespicio,2026-04-11,20:04:58,-07:00,2026-04-11T20:04:58-07:00,0,0
projects/index.html,32,html,7568652b,romanzrespicio,2026-04-15,17:44:40,-07:00,2026-04-15T17:44:40-07:00,2,48
projects/index.html,33,html,8625bf41,romanzrespicio,2026-04-24,21:37:38,-07:00,2026-04-24T21:37:38-07:00,2,47
projects/index.html,34,html,8b864cff,romanzrespicio,2026-04-04,21:12:25,-07:00,2026-04-04T21:12:25-07:00,0,5
projects/index.html,35,html,8b864cff,romanzrespicio,2026-04-04,21:12:25,-07:00,2026-04-04T21:12:25-07:00,0,5
contact/index.html,1,html,8b864cff,romanzrespicio,2026-04-04,21:12:25,-07:00,2026-04-04T21:12:25-07:00,0,13
contact/index.html,2,html,8b864cff,romanzrespicio,2026-04-04,21:12:25,-07:00,2026-04-04T21:12:25-07:00,0,14
contact/index.html,3,html,8b864cff,romanzrespicio,2026-04-04,21:12:25,-07:00,2026-04-04T21:12:25-07:00,0,4
contact/index.html,4,html,8b864cff,romanzrespicio,2026-04-04,21:12:25,-07:00,2026-04-04T21:12:25-07:00,2,20
contact/index.html,5,html,8b864cff,romanzrespicio,2026-04-04,21:12:25,-07:00,2026-04-04T21:12:25-07:00,2,68
contact/index.html,6,html,8b864cff,romanzrespicio,2026-04-04,21:12:25,-07:00,2026-04-04T21:12:25-07:00,2,20
contact/index.html,7,html,e70fd314,romanzrespicio,2026-04-11,20:04:58,-07:00,2026-04-11T20:04:58-07:00,2,41
contact/index.html,8,html,8b864cff,romanzrespicio,2026-04-04,21:12:25,-07:00,2026-04-04T21:12:25-07:00,0,5
contact/index.html,9,html,8b864cff,romanzrespicio,2026-04-04,21:12:25,-07:00,2026-04-04T21:12:25-07:00,0,4
contact/index.html,10,html,e70fd314,romanzrespicio,2026-04-11,20:04:58,-07:00,2026-04-11T20:04:58-07:00,2,17
contact/index.html,11,html,e70fd314,romanzrespicio,2026-04-11,20:04:58,-07:00,2026-04-11T20:04:58-07:00,0,0
contact/index.html,12,html,7568652b,romanzrespicio,2026-04-15,17:44:40,-07:00,2026-04-15T17:44:40-07:00,2,60
contact/index.html,13,html,e70fd314,romanzrespicio,2026-04-11,20:04:58,-07:00,2026-04-11T20:04:58-07:00,4,34
contact/index.html,14,html,e70fd314,romanzrespicio,2026-04-11,20:04:58,-07:00,2026-04-11T20:04:58-07:00,4,33
contact/index.html,15,html,e70fd314,romanzrespicio,2026-04-11,20:04:58,-07:00,2026-04-11T20:04:58-07:00,0,0
contact/index.html,16,html,e70fd314,romanzrespicio,2026-04-11,20:04:58,-07:00,2026-04-11T20:04:58-07:00,4,31
contact/index.html,17,html,e70fd314,romanzrespicio,2026-04-11,20:04:58,-07:00,2026-04-11T20:04:58-07:00,4,41
contact/index.html,18,html,e70fd314,romanzrespicio,2026-04-11,20:04:58,-07:00,2026-04-11T20:04:58-07:00,0,0
contact/index.html,19,html,e70fd314,romanzrespicio,2026-04-11,20:04:58,-07:00,2026-04-11T20:04:58-07:00,4,33
contact/index.html,20,html,8b864cff,romanzrespicio,2026-04-04,21:12:25,-07:00,2026-04-04T21:12:25-07:00,2,5
contact/index.html,21,html,7568652b,romanzrespicio,2026-04-15,17:44:40,-07:00,2026-04-15T17:44:40-07:00,2,48
contact/index.html,22,html,8b864cff,romanzrespicio,2026-04-04,21:12:25,-07:00,2026-04-04T21:12:25-07:00,0,5
contact/index.html,23,html,8b864cff,romanzrespicio,2026-04-04,21:12:25,-07:00,2026-04-04T21:12:25-07:00,0,5
